match_id,year,venue,tournament,india_runs,pak_runs,toss_winner,bat_first,india_wickets,pak_wickets,winner,pitch_condition,total_runs,india_margin,winner_is_india
1,2021,New York,WorldCup,166,184,Pakistan,Pakistan,2,7,Pakistan,Batting-friendly,350,-18,0
2,2010,New York,AsiaCup,179,156,Pakistan,Pakistan,6,7,India,Bowler-friendly,335,23,1
3,2020,Lahore,AsiaCup,126,146,Pakistan,Pakistan,2,5,Pakistan,Bowler-friendly,272,-20,0
4,2010,New York,AsiaCup,181,104,Pakistan,Pakistan,3,4,India,Balanced,285,77,1
5,2012,Kolkata,AsiaCup,170,182,Pakistan,India,3,10,Pakistan,Balanced,352,-12,0
6,2017,Durban,WorldCup,166,191,India,Pakistan,1,5,Pakistan,Bowler-friendly,357,-25,0
7,2013,Lahore,Bilateral,199,121,Pakistan,Pakistan,8,0,India,Balanced,320,78,1
8,2021,Delhi,Bilateral,108,191,Pakistan,India,3,9,Pakistan,Bowler-friendly,299,-83,0
9,2009,Dhaka,WorldCup,176,152,Pakistan,India,4,4,India,Batting-friendly,328,24,1
10,2017,Lahore,AsiaCup,125,113,Pakistan,Pakistan,4,7,India,Bowler-friendly,238,12,1
11,2021,Dubai,AsiaCup,147,166,Pakistan,Pakistan,8,9,Pakistan,Balanced,313,-19,0
12,2024,Karachi,WorldCup,179,110,India,India,9,9,India,Balanced,289,69,1
13,2008,Karachi,WorldCup,178,159,India,Pakistan,7,7,India,Bowler-friendly,337,19,1
14,2024,Kolkata,Bilateral,111,131,India,Pakistan,7,9,Pakistan,Batting-friendly,242,-20,0
15,2007,Dhaka,WorldCup,191,180,India,Pakistan,5,3,India,Batting-friendly,371,11,1
16,2016,Melbourne,Bilateral,175,111,Pakistan,Pakistan,9,4,India,Batting-friendly,286,64,1
17,2010,Melbourne,AsiaCup,109,139,India,India,9,3,Pakistan,Batting-friendly,248,-30,0
18,2009,Lahore,Bilateral,139,119,India,India,5,9,India,Balanced,258,20,1
19,2022,Colombo,WorldCup,166,149,Pakistan,Pakistan,5,10,India,Batting-friendly,315,17,1
20,2023,Lahore,Bilateral,130,121,Pakistan,Pakistan,3,2,India,Balanced,251,9,1
21,2018,Dubai,WorldCup,136,191,India,Pakistan,5,7,Pakistan,Batting-friendly,327,-55,0
22,2023,Durban,AsiaCup,114,119,India,Pakistan,6,6,Pakistan,Batting-friendly,233,-5,0
23,2009,Karachi,WorldCup,168,162,India,Pakistan,2,3,India,Bowler-friendly,330,6,1
24,2021,Melbourne,Bilateral,189,198,India,Pakistan,3,3,Pakistan,Balanced,387,-9,0
25,2019,Kolkata,Bilateral,168,179,Pakistan,Pakistan,6,2,Pakistan,Batting-friendly,347,-11,0
26,2010,Karachi,AsiaCup,133,185,Pakistan,Pakistan,2,5,Pakistan,Balanced,318,-52,0
27,2021,New York,Bilateral,161,195,Pakistan,India,3,4,Pakistan,Batting-friendly,356,-34,0
28,2014,Karachi,AsiaCup,129,161,Pakistan,Pakistan,10,5,Pakistan,Batting-friendly,290,-32,0
29,2009,Durban,WorldCup,112,162,India,India,7,1,Pakistan,Batting-friendly,274,-50,0
30,2018,Dhaka,WorldCup,175,125,India,India,3,3,India,Bowler-friendly,300,50,1
31,2021,Dubai,AsiaCup,142,160,Pakistan,India,0,8,Pakistan,Balanced,302,-18,0
32,2016,Durban,AsiaCup,167,113,Pakistan,India,3,0,India,Bowler-friendly,280,54,1
33,2023,Delhi,WorldCup,122,173,Pakistan,India,0,4,Pakistan,Bowler-friendly,295,-51,0
34,2016,Lahore,WorldCup,132,153,Pakistan,India,10,8,Pakistan,Bowler-friendly,285,-21,0
35,2012,Delhi,Bilateral,120,111,India,India,8,10,India,Balanced,231,9,1
36,2011,Dubai,WorldCup,170,116,India,Pakistan,2,3,India,Balanced,286,54,1
37,2020,Colombo,WorldCup,115,194,Pakistan,India,6,8,Pakistan,Balanced,309,-79,0
38,2023,Karachi,Bilateral,132,120,India,India,0,8,India,Balanced,252,12,1
39,2014,Melbourne,AsiaCup,137,142,Pakistan,India,2,0,Pakistan,Batting-friendly,279,-5,0
40,2016,Delhi,AsiaCup,154,117,Pakistan,India,6,3,India,Balanced,271,37,1
41,2008,Kolkata,AsiaCup,170,196,India,India,0,2,Pakistan,Bowler-friendly,366,-26,0
42,2008,Dhaka,AsiaCup,131,169,India,India,6,4,Pakistan,Bowler-friendly,300,-38,0
43,2008,Melbourne,AsiaCup,162,100,India,Pakistan,5,10,India,Balanced,262,62,1
44,2023,New York,WorldCup,199,122,India,India,7,8,India,Bowler-friendly,321,77,1
45,2009,Durban,AsiaCup,190,149,Pakistan,India,1,6,India,Balanced,339,41,1
46,2014,Colombo,AsiaCup,168,199,India,Pakistan,8,10,Pakistan,Balanced,367,-31,0
47,2013,Karachi,Bilateral,139,108,Pakistan,India,9,3,India,Batting-friendly,247,31,1
48,2012,Dubai,AsiaCup,178,199,India,India,10,7,Pakistan,Balanced,377,-21,0
49,2015,New York,Bilateral,115,181,Pakistan,Pakistan,8,4,Pakistan,Batting-friendly,296,-66,0
50,2016,Dubai,WorldCup,150,191,India,Pakistan,6,5,Pakistan,Balanced,341,-41,0
51,2017,Dubai,Bilateral,117,196,India,Pakistan,10,0,Pakistan,Batting-friendly,313,-79,0
52,2015,Colombo,Bilateral,194,176,Pakistan,Pakistan,8,5,India,Balanced,370,18,1
53,2009,Karachi,Bilateral,154,179,India,India,5,2,Pakistan,Bowler-friendly,333,-25,0
54,2008,Kolkata,Bilateral,150,197,India,Pakistan,7,7,Pakistan,Balanced,347,-47,0
55,2023,Durban,WorldCup,199,141,Pakistan,Pakistan,5,7,India,Batting-friendly,340,58,1
56,2014,Delhi,AsiaCup,102,152,India,India,8,1,Pakistan,Bowler-friendly,254,-50,0
57,2019,Karachi,Bilateral,174,181,Pakistan,Pakistan,2,0,Pakistan,Bowler-friendly,355,-7,0
58,2019,Dhaka,Bilateral,171,107,Pakistan,India,6,2,India,Balanced,278,64,1
59,2010,Colombo,WorldCup,106,159,Pakistan,Pakistan,3,2,Pakistan,Batting-friendly,265,-53,0
60,2016,New York,WorldCup,105,138,Pakistan,India,10,4,Pakistan,Balanced,243,-33,0
61,2013,Delhi,WorldCup,101,132,India,Pakistan,3,6,Pakistan,Batting-friendly,233,-31,0
62,2018,Durban,AsiaCup,167,136,India,India,7,9,India,Bowler-friendly,303,31,1
63,2007,Karachi,AsiaCup,140,113,Pakistan,Pakistan,0,4,India,Bowler-friendly,253,27,1
64,2021,New York,AsiaCup,105,189,Pakistan,India,8,9,Pakistan,Bowler-friendly,294,-84,0
65,2018,Colombo,Bilateral,190,183,Pakistan,Pakistan,10,5,India,Balanced,373,7,1
66,2024,Melbourne,WorldCup,171,187,Pakistan,Pakistan,6,9,Pakistan,Balanced,358,-16,0
67,2021,Lahore,WorldCup,149,195,Pakistan,Pakistan,3,1,Pakistan,Balanced,344,-46,0
68,2024,Delhi,WorldCup,185,116,Pakistan,India,10,6,India,Bowler-friendly,301,69,1
69,2014,Dubai,Bilateral,175,192,India,India,7,6,Pakistan,Bowler-friendly,367,-17,0
70,2007,Colombo,WorldCup,183,138,Pakistan,India,1,10,India,Balanced,321,45,1
71,2008,Karachi,WorldCup,181,119,Pakistan,India,6,2,India,Bowler-friendly,300,62,1
72,2010,Delhi,Bilateral,150,142,Pakistan,Pakistan,9,9,India,Balanced,292,8,1
73,2010,Colombo,WorldCup,143,157,Pakistan,Pakistan,6,8,Pakistan,Batting-friendly,300,-14,0
74,2013,Delhi,AsiaCup,154,102,India,India,5,2,India,Bowler-friendly,256,52,1
75,2011,Dubai,AsiaCup,100,174,India,Pakistan,9,6,Pakistan,Balanced,274,-74,0
76,2015,Karachi,AsiaCup,131,129,Pakistan,Pakistan,5,3,India,Balanced,260,2,1
77,2021,Dubai,WorldCup,138,175,Pakistan,Pakistan,0,7,Pakistan,Batting-friendly,313,-37,0
78,2007,Dubai,AsiaCup,182,126,India,Pakistan,8,3,India,Batting-friendly,308,56,1
79,2015,Kolkata,WorldCup,149,112,India,India,5,5,India,Bowler-friendly,261,37,1
80,2024,Dubai,WorldCup,118,165,Pakistan,Pakistan,1,2,Pakistan,Bowler-friendly,283,-47,0
81,2023,Kolkata,Bilateral,145,149,Pakistan,India,10,9,Pakistan,Batting-friendly,294,-4,0
82,2022,Melbourne,Bilateral,109,194,Pakistan,Pakistan,7,0,Pakistan,Bowler-friendly,303,-85,0
83,2019,Lahore,Bilateral,125,111,Pakistan,Pakistan,0,7,India,Batting-friendly,236,14,1
84,2016,Dubai,WorldCup,104,125,India,Pakistan,1,9,Pakistan,Balanced,229,-21,0
85,2008,Lahore,AsiaCup,101,119,Pakistan,Pakistan,9,0,Pakistan,Balanced,220,-18,0
86,2013,New York,WorldCup,200,133,India,Pakistan,9,4,India,Batting-friendly,333,67,1
87,2014,Kolkata,AsiaCup,177,159,Pakistan,Pakistan,1,3,India,Bowler-friendly,336,18,1
88,2019,Kolkata,Bilateral,197,121,Pakistan,Pakistan,9,6,India,Bowler-friendly,318,76,1
89,2012,Colombo,Bilateral,113,103,India,India,1,1,India,Bowler-friendly,216,10,1
90,2022,Dhaka,Bilateral,138,199,Pakistan,Pakistan,10,3,Pakistan,Balanced,337,-61,0
91,2018,Kolkata,AsiaCup,127,183,Pakistan,Pakistan,7,3,Pakistan,Batting-friendly,310,-56,0
92,2015,Lahore,Bilateral,128,109,India,Pakistan,8,2,India,Batting-friendly,237,19,1
93,2009,Durban,WorldCup,188,185,Pakistan,India,7,3,India,Bowler-friendly,373,3,1
94,2008,New York,AsiaCup,155,156,India,India,9,8,Pakistan,Balanced,311,-1,0
95,2020,New York,Bilateral,177,185,India,Pakistan,6,6,Pakistan,Balanced,362,-8,0
96,2021,New York,WorldCup,117,185,Pakistan,Pakistan,1,3,Pakistan,Bowler-friendly,302,-68,0
97,2016,Delhi,WorldCup,199,119,India,India,8,0,India,Bowler-friendly,318,80,1
98,2012,Delhi,AsiaCup,150,162,Pakistan,Pakistan,9,4,Pakistan,Balanced,312,-12,0
99,2022,New York,WorldCup,146,142,Pakistan,India,7,4,India,Balanced,288,4,1
100,2020,New York,WorldCup,183,165,Pakistan,India,10,9,India,Batting-friendly,348,18,1
101,2015,Dhaka,Bilateral,103,146,Pakistan,India,1,1,Pakistan,Batting-friendly,249,-43,0
102,2009,Durban,Bilateral,187,140,India,India,5,5,India,Batting-friendly,327,47,1
103,2020,Melbourne,AsiaCup,143,186,India,Pakistan,9,10,Pakistan,Balanced,329,-43,0
104,2012,Colombo,AsiaCup,177,157,Pakistan,Pakistan,5,2,India,Batting-friendly,334,20,1
105,2009,Durban,AsiaCup,197,151,Pakistan,India,0,9,India,Bowler-friendly,348,46,1
106,2019,Durban,Bilateral,159,167,India,Pakistan,0,4,Pakistan,Batting-friendly,326,-8,0
107,2017,Colombo,WorldCup,171,200,India,Pakistan,4,1,Pakistan,Batting-friendly,371,-29,0
108,2016,Karachi,AsiaCup,127,135,Pakistan,Pakistan,5,9,Pakistan,Balanced,262,-8,0
109,2015,Lahore,WorldCup,177,130,India,India,3,6,India,Bowler-friendly,307,47,1
110,2014,Karachi,AsiaCup,102,153,Pakistan,India,3,0,Pakistan,Batting-friendly,255,-51,0
111,2009,Dhaka,Bilateral,153,147,Pakistan,Pakistan,4,3,India,Bowler-friendly,300,6,1
112,2023,Durban,Bilateral,169,189,India,India,7,9,Pakistan,Bowler-friendly,358,-20,0
113,2010,Kolkata,Bilateral,183,120,Pakistan,Pakistan,4,10,India,Balanced,303,63,1
114,2021,Colombo,AsiaCup,153,177,India,India,3,2,Pakistan,Batting-friendly,330,-24,0
115,2024,Dubai,Bilateral,173,187,Pakistan,Pakistan,9,8,Pakistan,Balanced,360,-14,0
116,2018,Colombo,WorldCup,145,105,Pakistan,Pakistan,0,0,India,Bowler-friendly,250,40,1
117,2012,Dhaka,AsiaCup,197,124,Pakistan,India,4,10,India,Balanced,321,73,1
118,2022,Durban,Bilateral,106,141,Pakistan,Pakistan,5,2,Pakistan,Bowler-friendly,247,-35,0
119,2011,Dhaka,Bilateral,118,168,Pakistan,Pakistan,9,2,Pakistan,Balanced,286,-50,0
120,2015,New York,AsiaCup,124,135,Pakistan,Pakistan,5,2,Pakistan,Balanced,259,-11,0
121,2019,Kolkata,AsiaCup,190,192,India,India,8,1,Pakistan,Bowler-friendly,382,-2,0
122,2020,Dhaka,WorldCup,131,171,Pakistan,Pakistan,7,3,Pakistan,Balanced,302,-40,0
123,2019,Colombo,Bilateral,140,178,Pakistan,Pakistan,1,0,Pakistan,Balanced,318,-38,0
124,2020,Colombo,Bilateral,157,163,Pakistan,Pakistan,9,4,Pakistan,Balanced,320,-6,0
125,2023,Dubai,Bilateral,169,177,Pakistan,India,1,6,Pakistan,Balanced,346,-8,0
126,2018,Melbourne,WorldCup,180,126,Pakistan,India,8,5,India,Bowler-friendly,306,54,1
127,2021,Kolkata,AsiaCup,157,104,India,India,0,4,India,Bowler-friendly,261,53,1
128,2016,Colombo,AsiaCup,111,199,India,India,3,9,Pakistan,Batting-friendly,310,-88,0
129,2008,Colombo,AsiaCup,141,136,Pakistan,Pakistan,5,7,India,Bowler-friendly,277,5,1
130,2009,New York,WorldCup,180,181,India,Pakistan,7,3,Pakistan,Balanced,361,-1,0
131,2014,Lahore,Bilateral,191,103,Pakistan,Pakistan,0,5,India,Bowler-friendly,294,88,1
132,2014,Kolkata,Bilateral,115,110,Pakistan,India,9,0,India,Batting-friendly,225,5,1
133,2008,Kolkata,AsiaCup,178,117,Pakistan,Pakistan,4,2,India,Batting-friendly,295,61,1
134,2009,New York,AsiaCup,128,183,Pakistan,India,8,9,Pakistan,Balanced,311,-55,0
135,2016,Colombo,Bilateral,199,177,India,India,6,2,India,Bowler-friendly,376,22,1
136,2009,Durban,WorldCup,125,140,India,India,10,5,Pakistan,Bowler-friendly,265,-15,0
137,2021,Melbourne,AsiaCup,181,168,India,Pakistan,5,9,India,Balanced,349,13,1
138,2011,Durban,WorldCup,104,194,Pakistan,India,2,3,Pakistan,Batting-friendly,298,-90,0
139,2013,Melbourne,WorldCup,117,132,India,India,6,5,Pakistan,Bowler-friendly,249,-15,0
140,2017,Dubai,Bilateral,143,176,Pakistan,Pakistan,7,1,Pakistan,Bowler-friendly,319,-33,0
141,2008,Colombo,AsiaCup,120,124,Pakistan,Pakistan,5,6,Pakistan,Balanced,244,-4,0
142,2010,Delhi,WorldCup,195,199,India,India,5,4,Pakistan,Bowler-friendly,394,-4,0
143,2010,Colombo,Bilateral,122,140,Pakistan,India,7,6,Pakistan,Bowler-friendly,262,-18,0
144,2014,Delhi,AsiaCup,175,104,India,Pakistan,2,8,India,Balanced,279,71,1
145,2024,Dubai,WorldCup,159,157,India,Pakistan,10,5,India,Batting-friendly,316,2,1
146,2010,Durban,AsiaCup,149,196,India,Pakistan,7,2,Pakistan,Batting-friendly,345,-47,0
147,2023,Durban,Bilateral,162,124,Pakistan,Pakistan,10,2,India,Balanced,286,38,1
148,2009,Colombo,WorldCup,131,123,Pakistan,Pakistan,0,4,India,Balanced,254,8,1
149,2015,Colombo,WorldCup,173,198,Pakistan,India,7,3,Pakistan,Bowler-friendly,371,-25,0
150,2020,Durban,WorldCup,111,197,India,India,10,9,Pakistan,Balanced,308,-86,0
151,2008,Lahore,Bilateral,181,129,India,India,7,0,India,Bowler-friendly,310,52,1
152,2023,Dubai,WorldCup,194,193,India,Pakistan,10,8,India,Bowler-friendly,387,1,1
153,2007,Karachi,WorldCup,114,129,Pakistan,Pakistan,0,9,Pakistan,Batting-friendly,243,-15,0
154,2020,Dhaka,AsiaCup,182,128,Pakistan,Pakistan,8,0,India,Balanced,310,54,1
155,2016,Durban,WorldCup,196,186,India,Pakistan,10,9,India,Bowler-friendly,382,10,1
156,2019,Colombo,Bilateral,126,109,Pakistan,India,9,5,India,Batting-friendly,235,17,1
157,2007,Colombo,AsiaCup,144,160,Pakistan,Pakistan,5,1,Pakistan,Batting-friendly,304,-16,0
158,2013,Karachi,Bilateral,129,159,Pakistan,Pakistan,4,2,Pakistan,Balanced,288,-30,0
159,2023,Melbourne,Bilateral,171,133,India,Pakistan,7,7,India,Bowler-friendly,304,38,1
160,2018,New York,AsiaCup,109,139,Pakistan,India,8,5,Pakistan,Bowler-friendly,248,-30,0
161,2018,Karachi,Bilateral,124,146,Pakistan,India,3,2,Pakistan,Bowler-friendly,270,-22,0
162,2016,Colombo,AsiaCup,147,200,Pakistan,India,0,10,Pakistan,Balanced,347,-53,0
163,2007,Melbourne,WorldCup,111,174,India,India,2,8,Pakistan,Balanced,285,-63,0
164,2015,New York,WorldCup,196,107,Pakistan,Pakistan,4,1,India,Balanced,303,89,1
165,2014,Delhi,AsiaCup,194,103,India,Pakistan,10,2,India,Batting-friendly,297,91,1
166,2019,Karachi,AsiaCup,145,160,India,India,6,1,Pakistan,Balanced,305,-15,0
167,2008,Melbourne,Bilateral,136,124,Pakistan,India,3,7,India,Batting-friendly,260,12,1
168,2012,Lahore,WorldCup,185,121,Pakistan,India,5,0,India,Balanced,306,64,1
169,2009,New York,AsiaCup,151,115,Pakistan,Pakistan,7,4,India,Batting-friendly,266,36,1
170,2017,Colombo,WorldCup,153,110,India,Pakistan,6,6,India,Bowler-friendly,263,43,1
171,2011,Karachi,AsiaCup,139,135,India,Pakistan,9,0,India,Bowler-friendly,274,4,1
172,2009,Karachi,WorldCup,158,147,India,India,6,2,India,Batting-friendly,305,11,1
173,2019,Dubai,AsiaCup,165,122,Pakistan,Pakistan,6,0,India,Batting-friendly,287,43,1
174,2018,Lahore,WorldCup,165,100,India,India,5,9,India,Balanced,265,65,1
175,2014,Karachi,AsiaCup,126,115,India,India,1,10,India,Batting-friendly,241,11,1
176,2020,Lahore,WorldCup,125,110,Pakistan,Pakistan,10,2,India,Balanced,235,15,1
177,2008,Colombo,Bilateral,154,176,Pakistan,India,2,1,Pakistan,Batting-friendly,330,-22,0
178,2018,Colombo,AsiaCup,127,194,Pakistan,Pakistan,9,5,Pakistan,Bowler-friendly,321,-67,0
179,2016,Colombo,Bilateral,157,135,Pakistan,Pakistan,8,9,India,Bowler-friendly,292,22,1
180,2013,Lahore,AsiaCup,161,194,Pakistan,Pakistan,1,1,Pakistan,Balanced,355,-33,0
181,2021,New York,Bilateral,178,167,Pakistan,India,5,4,India,Batting-friendly,345,11,1
182,2021,Dhaka,AsiaCup,124,173,Pakistan,India,0,4,Pakistan,Bowler-friendly,297,-49,0
183,2016,New York,Bilateral,124,118,Pakistan,Pakistan,5,1,India,Batting-friendly,242,6,1
184,2016,Melbourne,AsiaCup,182,139,India,India,0,6,India,Balanced,321,43,1
185,2017,New York,Bilateral,106,118,India,India,1,9,Pakistan,Bowler-friendly,224,-12,0
186,2019,Dubai,WorldCup,176,138,Pakistan,India,5,7,India,Balanced,314,38,1
187,2012,Melbourne,WorldCup,184,183,India,India,10,0,India,Balanced,367,1,1
188,2018,Colombo,Bilateral,150,137,Pakistan,India,7,6,India,Balanced,287,13,1
189,2022,Dubai,AsiaCup,177,183,India,Pakistan,2,3,Pakistan,Bowler-friendly,360,-6,0
190,2013,Karachi,Bilateral,122,103,Pakistan,India,0,3,India,Balanced,225,19,1
191,2007,Durban,Bilateral,130,151,Pakistan,India,7,9,Pakistan,Balanced,281,-21,0
192,2019,Dhaka,AsiaCup,147,196,India,Pakistan,2,1,Pakistan,Batting-friendly,343,-49,0
193,2022,Delhi,WorldCup,169,183,India,Pakistan,0,9,Pakistan,Batting-friendly,352,-14,0
194,2012,Dubai,Bilateral,154,162,Pakistan,India,5,10,Pakistan,Batting-friendly,316,-8,0
195,2007,New York,Bilateral,100,119,Pakistan,Pakistan,0,0,Pakistan,Balanced,219,-19,0
196,2013,Dhaka,AsiaCup,198,154,Pakistan,Pakistan,10,1,India,Batting-friendly,352,44,1
197,2011,New York,AsiaCup,185,176,Pakistan,Pakistan,4,6,India,Batting-friendly,361,9,1
198,2016,Kolkata,WorldCup,133,171,India,India,3,6,Pakistan,Batting-friendly,304,-38,0
199,2010,Dhaka,Bilateral,178,176,India,Pakistan,10,2,India,Balanced,354,2,1
200,2018,Lahore,AsiaCup,111,121,Pakistan,India,6,3,Pakistan,Balanced,232,-10,0
201,2009,Melbourne,WorldCup,161,196,India,India,10,8,Pakistan,Balanced,357,-35,0
202,2017,Delhi,AsiaCup,174,155,Pakistan,India,5,3,India,Batting-friendly,329,19,1
203,2009,New York,AsiaCup,171,143,Pakistan,India,1,8,India,Batting-friendly,314,28,1
204,2018,Colombo,WorldCup,160,171,Pakistan,Pakistan,8,3,Pakistan,Bowler-friendly,331,-11,0
205,2019,Karachi,Bilateral,170,101,Pakistan,Pakistan,0,6,India,Balanced,271,69,1
206,2013,Dhaka,Bilateral,112,157,Pakistan,Pakistan,7,6,Pakistan,Balanced,269,-45,0
207,2024,Colombo,WorldCup,185,160,India,India,6,9,India,Bowler-friendly,345,25,1
208,2013,Kolkata,WorldCup,163,160,India,Pakistan,5,10,India,Bowler-friendly,323,3,1
209,2020,Lahore,Bilateral,187,140,Pakistan,India,6,6,India,Batting-friendly,327,47,1
210,2016,Dubai,AsiaCup,162,112,Pakistan,Pakistan,8,2,India,Bowler-friendly,274,50,1
211,2018,Dubai,Bilateral,128,127,Pakistan,Pakistan,3,0,India,Balanced,255,1,1
212,2024,Karachi,AsiaCup,173,101,Pakistan,India,7,7,India,Balanced,274,72,1
213,2023,Melbourne,AsiaCup,188,114,Pakistan,Pakistan,1,5,India,Balanced,302,74,1
214,2007,New York,Bilateral,127,151,Pakistan,Pakistan,7,3,Pakistan,Balanced,278,-24,0
215,2009,Durban,Bilateral,198,165,Pakistan,Pakistan,6,7,India,Bowler-friendly,363,33,1
216,2007,Delhi,Bilateral,185,111,Pakistan,India,4,3,India,Bowler-friendly,296,74,1
217,2010,New York,Bilateral,147,169,Pakistan,India,9,10,Pakistan,Balanced,316,-22,0
218,2012,Durban,AsiaCup,184,135,India,Pakistan,2,0,India,Bowler-friendly,319,49,1
219,2018,Delhi,WorldCup,112,174,India,India,7,2,Pakistan,Bowler-friendly,286,-62,0
220,2007,Kolkata,AsiaCup,125,193,India,Pakistan,5,0,Pakistan,Balanced,318,-68,0
221,2013,Lahore,Bilateral,199,190,Pakistan,India,7,4,India,Bowler-friendly,389,9,1
222,2020,Colombo,Bilateral,174,198,India,India,2,9,Pakistan,Batting-friendly,372,-24,0
223,2010,Durban,WorldCup,130,102,India,India,2,9,India,Balanced,232,28,1
224,2010,Delhi,AsiaCup,107,140,India,Pakistan,10,9,Pakistan,Balanced,247,-33,0
225,2009,Lahore,Bilateral,198,128,India,Pakistan,7,5,India,Balanced,326,70,1
226,2013,Durban,AsiaCup,154,128,India,Pakistan,4,9,India,Balanced,282,26,1
227,2020,Durban,Bilateral,191,112,India,Pakistan,4,6,India,Balanced,303,79,1
228,2014,Kolkata,WorldCup,112,139,Pakistan,India,3,9,Pakistan,Balanced,251,-27,0
229,2008,Dhaka,AsiaCup,184,111,India,Pakistan,10,1,India,Balanced,295,73,1
230,2010,Kolkata,Bilateral,187,152,India,India,7,2,India,Bowler-friendly,339,35,1
231,2017,New York,AsiaCup,171,109,Pakistan,Pakistan,9,8,India,Bowler-friendly,280,62,1
232,2019,Delhi,AsiaCup,102,102,India,India,5,4,Pakistan,Batting-friendly,204,0,0
233,2021,Durban,WorldCup,103,131,India,Pakistan,6,3,Pakistan,Balanced,234,-28,0
234,2017,Durban,AsiaCup,132,135,Pakistan,Pakistan,10,1,Pakistan,Batting-friendly,267,-3,0
235,2017,Lahore,Bilateral,169,126,Pakistan,Pakistan,0,2,India,Balanced,295,43,1
236,2009,Kolkata,AsiaCup,130,168,Pakistan,Pakistan,5,9,Pakistan,Bowler-friendly,298,-38,0
237,2014,Lahore,Bilateral,175,133,India,Pakistan,10,1,India,Bowler-friendly,308,42,1
238,2014,Karachi,AsiaCup,169,142,Pakistan,India,6,2,India,Bowler-friendly,311,27,1
239,2014,Karachi,AsiaCup,190,146,India,India,4,0,India,Balanced,336,44,1
240,2012,Dhaka,Bilateral,149,194,India,Pakistan,6,5,Pakistan,Balanced,343,-45,0
241,2007,Delhi,AsiaCup,128,195,India,India,0,5,Pakistan,Batting-friendly,323,-67,0
242,2012,Melbourne,WorldCup,113,172,India,India,8,1,Pakistan,Batting-friendly,285,-59,0
243,2009,Delhi,WorldCup,100,138,India,India,1,3,Pakistan,Balanced,238,-38,0
244,2014,Colombo,Bilateral,175,143,India,India,9,8,India,Bowler-friendly,318,32,1
245,2016,Lahore,WorldCup,154,165,Pakistan,India,7,7,Pakistan,Bowler-friendly,319,-11,0
246,2014,Colombo,Bilateral,125,125,Pakistan,Pakistan,2,3,Pakistan,Balanced,250,0,0
247,2024,Colombo,Bilateral,111,157,Pakistan,Pakistan,2,3,Pakistan,Bowler-friendly,268,-46,0
248,2024,Delhi,Bilateral,194,165,India,Pakistan,7,2,India,Balanced,359,29,1
249,2013,Karachi,WorldCup,185,172,Pakistan,India,0,3,India,Balanced,357,13,1
250,2011,Lahore,WorldCup,179,100,India,Pakistan,9,9,India,Bowler-friendly,279,79,1
251,2009,Delhi,Bilateral,193,122,India,Pakistan,2,5,India,Bowler-friendly,315,71,1
252,2021,Melbourne,WorldCup,175,152,India,India,5,7,India,Balanced,327,23,1
253,2014,Karachi,WorldCup,200,163,India,India,5,2,India,Balanced,363,37,1
254,2017,Dhaka,Bilateral,123,116,Pakistan,India,0,10,India,Bowler-friendly,239,7,1
255,2019,Delhi,WorldCup,157,114,India,India,8,2,India,Balanced,271,43,1
256,2020,Delhi,AsiaCup,165,189,India,India,10,9,Pakistan,Bowler-friendly,354,-24,0
257,2020,Melbourne,WorldCup,120,146,India,Pakistan,10,4,Pakistan,Balanced,266,-26,0
258,2018,Lahore,WorldCup,151,163,Pakistan,Pakistan,3,7,Pakistan,Balanced,314,-12,0
259,2007,Kolkata,WorldCup,147,139,India,India,6,8,India,Batting-friendly,286,8,1
260,2023,Dubai,WorldCup,142,156,India,India,2,0,Pakistan,Bowler-friendly,298,-14,0
261,2013,Delhi,AsiaCup,128,115,India,Pakistan,0,7,India,Balanced,243,13,1
262,2019,Kolkata,AsiaCup,133,193,Pakistan,India,3,8,Pakistan,Bowler-friendly,326,-60,0
263,2018,Colombo,WorldCup,190,167,India,Pakistan,3,1,India,Balanced,357,23,1
264,2017,Melbourne,AsiaCup,144,153,India,Pakistan,0,6,Pakistan,Balanced,297,-9,0
265,2022,Lahore,WorldCup,106,139,Pakistan,Pakistan,5,0,Pakistan,Batting-friendly,245,-33,0
266,2014,Dhaka,WorldCup,145,195,India,India,3,5,Pakistan,Bowler-friendly,340,-50,0
267,2017,New York,AsiaCup,166,195,Pakistan,Pakistan,5,2,Pakistan,Balanced,361,-29,0
268,2015,Karachi,WorldCup,184,104,Pakistan,Pakistan,8,9,India,Batting-friendly,288,80,1
269,2009,Karachi,WorldCup,144,140,India,Pakistan,3,3,India,Bowler-friendly,284,4,1
270,2007,Melbourne,AsiaCup,153,124,India,India,1,7,India,Batting-friendly,277,29,1
271,2019,Karachi,WorldCup,110,188,Pakistan,India,8,1,Pakistan,Balanced,298,-78,0
272,2016,Durban,WorldCup,170,147,India,Pakistan,2,10,India,Bowler-friendly,317,23,1
273,2013,Lahore,WorldCup,198,197,Pakistan,India,10,5,India,Batting-friendly,395,1,1
274,2010,Lahore,AsiaCup,140,164,Pakistan,India,6,10,Pakistan,Balanced,304,-24,0
275,2013,Karachi,WorldCup,120,162,India,Pakistan,10,2,Pakistan,Batting-friendly,282,-42,0
276,2013,Durban,AsiaCup,179,197,Pakistan,Pakistan,3,9,Pakistan,Batting-friendly,376,-18,0
277,2021,Colombo,Bilateral,131,170,India,India,2,4,Pakistan,Batting-friendly,301,-39,0
278,2009,Melbourne,Bilateral,172,117,Pakistan,Pakistan,3,0,India,Bowler-friendly,289,55,1
279,2016,Kolkata,Bilateral,197,161,India,India,2,1,India,Balanced,358,36,1
280,2010,Dubai,WorldCup,102,133,India,Pakistan,9,1,Pakistan,Bowler-friendly,235,-31,0
281,2013,New York,WorldCup,138,180,India,Pakistan,5,2,Pakistan,Batting-friendly,318,-42,0
282,2020,Melbourne,WorldCup,106,188,Pakistan,Pakistan,1,7,Pakistan,Batting-friendly,294,-82,0
283,2010,Karachi,WorldCup,182,151,Pakistan,Pakistan,8,9,India,Balanced,333,31,1
284,2023,Melbourne,WorldCup,104,177,India,India,5,1,Pakistan,Bowler-friendly,281,-73,0
285,2007,Durban,WorldCup,142,108,India,Pakistan,2,2,India,Batting-friendly,250,34,1
286,2022,New York,Bilateral,131,160,India,Pakistan,4,6,Pakistan,Batting-friendly,291,-29,0
287,2012,Kolkata,WorldCup,103,159,Pakistan,Pakistan,3,10,Pakistan,Batting-friendly,262,-56,0
288,2019,Dubai,WorldCup,132,172,India,Pakistan,6,1,Pakistan,Bowler-friendly,304,-40,0
289,2024,Durban,AsiaCup,128,181,Pakistan,India,4,7,Pakistan,Batting-friendly,309,-53,0
290,2024,Dhaka,Bilateral,141,129,Pakistan,Pakistan,10,5,India,Batting-friendly,270,12,1
291,2011,Dhaka,Bilateral,101,101,Pakistan,India,2,6,India,Bowler-friendly,202,0,1
292,2016,Dubai,WorldCup,179,174,Pakistan,India,3,7,India,Batting-friendly,353,5,1
293,2019,New York,Bilateral,165,175,Pakistan,India,4,7,Pakistan,Balanced,340,-10,0
294,2024,New York,Bilateral,198,110,Pakistan,Pakistan,5,1,India,Batting-friendly,308,88,1
295,2023,Melbourne,AsiaCup,190,143,Pakistan,Pakistan,6,7,India,Balanced,333,47,1
296,2024,Karachi,WorldCup,166,141,India,India,6,5,India,Bowler-friendly,307,25,1
297,2010,Karachi,WorldCup,199,166,India,India,4,3,India,Batting-friendly,365,33,1
298,2022,Lahore,WorldCup,139,194,India,Pakistan,4,3,Pakistan,Batting-friendly,333,-55,0
299,2018,Delhi,WorldCup,193,142,India,Pakistan,8,9,India,Balanced,335,51,1
300,2021,Dubai,WorldCup,185,186,India,India,10,10,Pakistan,Balanced,371,-1,0
301,2021,Colombo,Bilateral,175,124,India,Pakistan,0,7,India,Bowler-friendly,299,51,1
302,2020,Kolkata,WorldCup,180,130,Pakistan,India,3,8,India,Bowler-friendly,310,50,1
303,2013,Dubai,WorldCup,173,105,India,India,3,4,India,Bowler-friendly,278,68,1
304,2021,Dubai,AsiaCup,143,183,Pakistan,Pakistan,7,5,Pakistan,Balanced,326,-40,0
305,2014,Lahore,AsiaCup,129,122,India,India,5,1,India,Balanced,251,7,1
306,2008,Delhi,WorldCup,126,191,India,India,7,0,Pakistan,Balanced,317,-65,0
307,2023,Durban,WorldCup,146,199,Pakistan,Pakistan,4,8,Pakistan,Balanced,345,-53,0
308,2016,Melbourne,Bilateral,113,117,India,India,8,0,Pakistan,Batting-friendly,230,-4,0
309,2021,Durban,WorldCup,170,137,India,Pakistan,6,2,India,Bowler-friendly,307,33,1
310,2023,Karachi,Bilateral,197,175,Pakistan,Pakistan,5,9,India,Bowler-friendly,372,22,1
311,2023,Kolkata,Bilateral,159,178,Pakistan,Pakistan,3,9,Pakistan,Bowler-friendly,337,-19,0
312,2009,Colombo,AsiaCup,186,144,India,Pakistan,9,5,India,Balanced,330,42,1
313,2012,Kolkata,AsiaCup,165,167,India,India,5,8,Pakistan,Batting-friendly,332,-2,0
314,2020,Dubai,WorldCup,164,187,Pakistan,India,9,10,Pakistan,Batting-friendly,351,-23,0
315,2017,Colombo,WorldCup,193,174,Pakistan,India,6,9,India,Bowler-friendly,367,19,1
316,2021,Delhi,WorldCup,188,125,Pakistan,India,8,6,India,Bowler-friendly,313,63,1
317,2023,Dubai,Bilateral,179,200,India,Pakistan,6,6,Pakistan,Batting-friendly,379,-21,0
318,2019,Melbourne,WorldCup,138,114,India,India,3,1,India,Batting-friendly,252,24,1
319,2022,Melbourne,WorldCup,120,140,India,Pakistan,2,9,Pakistan,Balanced,260,-20,0
320,2007,Colombo,WorldCup,144,113,Pakistan,India,10,6,India,Batting-friendly,257,31,1
321,2009,Dhaka,AsiaCup,145,143,India,Pakistan,9,0,India,Batting-friendly,288,2,1
322,2014,Dubai,WorldCup,191,192,India,India,8,6,Pakistan,Batting-friendly,383,-1,0
323,2015,Dubai,Bilateral,196,187,Pakistan,India,3,10,India,Balanced,383,9,1
324,2017,Delhi,WorldCup,197,140,Pakistan,India,6,3,India,Bowler-friendly,337,57,1
325,2019,Lahore,Bilateral,182,119,India,India,8,6,India,Balanced,301,63,1
326,2017,Colombo,AsiaCup,192,188,India,India,8,5,India,Bowler-friendly,380,4,1
327,2023,Durban,Bilateral,113,134,Pakistan,India,1,3,Pakistan,Batting-friendly,247,-21,0
328,2014,Kolkata,AsiaCup,123,143,Pakistan,Pakistan,10,8,Pakistan,Balanced,266,-20,0
329,2024,Dubai,WorldCup,115,158,Pakistan,India,9,8,Pakistan,Batting-friendly,273,-43,0
330,2014,Dubai,Bilateral,119,157,India,India,7,2,Pakistan,Bowler-friendly,276,-38,0
331,2015,Dubai,WorldCup,136,136,India,Pakistan,2,7,India,Bowler-friendly,272,0,1
332,2013,Dubai,AsiaCup,174,116,Pakistan,Pakistan,8,5,India,Batting-friendly,290,58,1
333,2023,Durban,WorldCup,192,149,India,Pakistan,4,10,India,Batting-friendly,341,43,1
334,2021,Dhaka,Bilateral,166,196,Pakistan,India,6,6,Pakistan,Batting-friendly,362,-30,0
335,2024,Karachi,AsiaCup,136,143,India,India,2,1,Pakistan,Batting-friendly,279,-7,0
336,2018,Melbourne,WorldCup,163,186,Pakistan,India,7,7,Pakistan,Balanced,349,-23,0
337,2017,Durban,Bilateral,187,166,Pakistan,Pakistan,0,3,India,Batting-friendly,353,21,1
338,2011,Lahore,Bilateral,197,181,India,India,2,9,India,Bowler-friendly,378,16,1
339,2013,Kolkata,AsiaCup,171,104,India,Pakistan,8,10,India,Batting-friendly,275,67,1
340,2010,Dubai,AsiaCup,121,177,India,India,7,10,Pakistan,Balanced,298,-56,0
341,2015,Delhi,WorldCup,153,154,Pakistan,Pakistan,2,5,Pakistan,Bowler-friendly,307,-1,0
342,2021,Karachi,WorldCup,124,101,India,Pakistan,3,10,India,Bowler-friendly,225,23,1
343,2018,Melbourne,Bilateral,114,168,Pakistan,India,9,3,Pakistan,Batting-friendly,282,-54,0
344,2015,Kolkata,WorldCup,144,111,Pakistan,India,5,4,India,Batting-friendly,255,33,1
345,2007,Melbourne,AsiaCup,131,111,Pakistan,Pakistan,7,10,India,Bowler-friendly,242,20,1
346,2012,Melbourne,Bilateral,157,180,Pakistan,India,0,5,Pakistan,Bowler-friendly,337,-23,0
347,2023,Dubai,Bilateral,145,103,Pakistan,Pakistan,10,2,India,Bowler-friendly,248,42,1
348,2018,Lahore,Bilateral,117,113,Pakistan,India,0,7,India,Balanced,230,4,1
349,2021,Delhi,WorldCup,186,171,Pakistan,Pakistan,4,4,India,Bowler-friendly,357,15,1
350,2007,Melbourne,Bilateral,177,147,India,Pakistan,4,6,India,Batting-friendly,324,30,1
351,2014,Delhi,AsiaCup,136,140,India,Pakistan,10,10,Pakistan,Batting-friendly,276,-4,0
352,2014,Lahore,Bilateral,117,197,India,Pakistan,9,3,Pakistan,Balanced,314,-80,0
353,2010,Dubai,Bilateral,195,137,India,Pakistan,4,0,India,Bowler-friendly,332,58,1
354,2023,Lahore,Bilateral,155,146,India,India,8,3,India,Batting-friendly,301,9,1
355,2015,Melbourne,WorldCup,200,136,Pakistan,Pakistan,10,6,India,Bowler-friendly,336,64,1
356,2007,Colombo,WorldCup,154,180,India,Pakistan,9,5,Pakistan,Balanced,334,-26,0
357,2016,Melbourne,WorldCup,171,158,India,India,4,6,India,Balanced,329,13,1
358,2019,Lahore,Bilateral,124,187,India,India,4,2,Pakistan,Balanced,311,-63,0
359,2022,Kolkata,WorldCup,132,116,Pakistan,India,9,6,India,Balanced,248,16,1
360,2008,Delhi,AsiaCup,142,103,India,Pakistan,2,9,India,Batting-friendly,245,39,1
361,2019,Karachi,WorldCup,113,154,India,Pakistan,6,3,Pakistan,Balanced,267,-41,0
362,2011,Dubai,Bilateral,160,145,India,Pakistan,2,10,India,Balanced,305,15,1
363,2010,Colombo,AsiaCup,198,191,Pakistan,Pakistan,4,10,India,Balanced,389,7,1
364,2009,Durban,AsiaCup,138,111,India,Pakistan,10,7,India,Balanced,249,27,1
365,2010,Delhi,Bilateral,166,104,India,India,0,10,India,Batting-friendly,270,62,1
366,2015,Melbourne,WorldCup,192,114,India,Pakistan,5,10,India,Balanced,306,78,1
367,2023,New York,WorldCup,179,112,India,Pakistan,6,1,India,Bowler-friendly,291,67,1
368,2012,Dubai,WorldCup,183,180,Pakistan,Pakistan,0,5,India,Balanced,363,3,1
369,2012,Durban,AsiaCup,135,140,Pakistan,Pakistan,0,6,Pakistan,Balanced,275,-5,0
370,2019,Karachi,Bilateral,195,116,Pakistan,India,3,5,India,Bowler-friendly,311,79,1
371,2017,Dubai,AsiaCup,139,116,Pakistan,India,2,6,India,Batting-friendly,255,23,1
372,2011,Karachi,AsiaCup,163,116,Pakistan,India,9,8,India,Bowler-friendly,279,47,1
373,2024,Melbourne,AsiaCup,151,119,Pakistan,India,1,10,India,Batting-friendly,270,32,1
374,2009,Dubai,WorldCup,170,153,India,Pakistan,5,1,India,Bowler-friendly,323,17,1
375,2017,Karachi,Bilateral,171,191,India,Pakistan,1,0,Pakistan,Batting-friendly,362,-20,0
376,2017,Karachi,WorldCup,145,188,India,Pakistan,6,1,Pakistan,Batting-friendly,333,-43,0
377,2010,Kolkata,AsiaCup,143,100,Pakistan,Pakistan,9,6,India,Balanced,243,43,1
378,2021,Karachi,WorldCup,103,150,India,Pakistan,7,7,Pakistan,Bowler-friendly,253,-47,0
379,2013,Karachi,WorldCup,194,159,Pakistan,Pakistan,5,4,India,Batting-friendly,353,35,1
380,2017,New York,WorldCup,181,141,India,India,10,6,India,Bowler-friendly,322,40,1
381,2020,Karachi,Bilateral,116,140,Pakistan,India,2,7,Pakistan,Batting-friendly,256,-24,0
382,2018,Delhi,WorldCup,138,107,Pakistan,India,3,8,India,Bowler-friendly,245,31,1
383,2009,Melbourne,AsiaCup,104,127,Pakistan,Pakistan,6,7,Pakistan,Balanced,231,-23,0
384,2014,Karachi,WorldCup,147,111,India,India,10,2,India,Balanced,258,36,1
385,2014,Dubai,Bilateral,105,135,Pakistan,Pakistan,0,4,Pakistan,Batting-friendly,240,-30,0
386,2017,Melbourne,Bilateral,177,100,India,Pakistan,1,2,India,Bowler-friendly,277,77,1
387,2009,Karachi,Bilateral,177,163,India,Pakistan,10,2,India,Batting-friendly,340,14,1
388,2008,Kolkata,Bilateral,131,157,India,India,7,1,Pakistan,Bowler-friendly,288,-26,0
389,2007,Dhaka,AsiaCup,167,148,Pakistan,India,10,10,India,Batting-friendly,315,19,1
390,2017,New York,WorldCup,151,158,India,India,0,5,Pakistan,Balanced,309,-7,0
391,2014,Durban,WorldCup,147,119,India,India,6,5,India,Balanced,266,28,1
392,2017,New York,Bilateral,193,112,Pakistan,India,1,9,India,Balanced,305,81,1
393,2009,Karachi,WorldCup,159,189,India,Pakistan,1,2,Pakistan,Bowler-friendly,348,-30,0
394,2024,Lahore,Bilateral,197,112,Pakistan,Pakistan,7,5,India,Balanced,309,85,1
395,2020,Melbourne,AsiaCup,141,109,India,India,0,5,India,Batting-friendly,250,32,1
396,2012,Kolkata,AsiaCup,122,152,India,Pakistan,4,5,Pakistan,Bowler-friendly,274,-30,0
397,2008,Lahore,Bilateral,130,115,Pakistan,India,1,0,India,Bowler-friendly,245,15,1
398,2022,Durban,AsiaCup,112,137,Pakistan,India,10,10,Pakistan,Batting-friendly,249,-25,0
399,2018,Lahore,Bilateral,133,137,Pakistan,India,6,7,Pakistan,Balanced,270,-4,0
400,2021,New York,WorldCup,119,113,India,India,3,1,India,Bowler-friendly,232,6,1
401,2017,Colombo,WorldCup,145,114,Pakistan,India,8,2,India,Bowler-friendly,259,31,1
402,2014,Karachi,WorldCup,101,141,India,India,6,9,Pakistan,Bowler-friendly,242,-40,0
403,2011,Delhi,WorldCup,114,167,Pakistan,Pakistan,3,2,Pakistan,Batting-friendly,281,-53,0
404,2011,Durban,Bilateral,200,119,Pakistan,India,9,0,India,Balanced,319,81,1
405,2016,New York,AsiaCup,155,174,India,India,10,0,Pakistan,Balanced,329,-19,0
406,2011,Dhaka,AsiaCup,137,155,Pakistan,Pakistan,9,1,Pakistan,Bowler-friendly,292,-18,0
407,2010,Dubai,AsiaCup,146,116,Pakistan,Pakistan,9,10,India,Balanced,262,30,1
408,2016,Karachi,WorldCup,125,107,Pakistan,Pakistan,3,4,India,Bowler-friendly,232,18,1
409,2022,Dubai,Bilateral,108,115,India,Pakistan,8,0,Pakistan,Batting-friendly,223,-7,0
410,2011,Colombo,AsiaCup,185,140,India,Pakistan,5,7,India,Balanced,325,45,1
411,2013,Karachi,WorldCup,100,140,Pakistan,India,3,10,Pakistan,Bowler-friendly,240,-40,0
412,2020,Melbourne,Bilateral,119,116,Pakistan,Pakistan,3,6,India,Balanced,235,3,1
413,2022,Dhaka,Bilateral,111,185,India,Pakistan,6,10,Pakistan,Balanced,296,-74,0
414,2008,Colombo,Bilateral,156,154,Pakistan,Pakistan,6,5,India,Batting-friendly,310,2,1
415,2024,New York,AsiaCup,156,191,India,Pakistan,6,7,Pakistan,Batting-friendly,347,-35,0
416,2022,New York,Bilateral,185,170,India,India,0,4,India,Balanced,355,15,1
417,2007,Karachi,AsiaCup,155,190,Pakistan,Pakistan,2,7,Pakistan,Bowler-friendly,345,-35,0
418,2007,Kolkata,WorldCup,146,103,Pakistan,Pakistan,8,1,India,Balanced,249,43,1
419,2022,Colombo,WorldCup,126,131,Pakistan,Pakistan,5,5,Pakistan,Bowler-friendly,257,-5,0
420,2023,Melbourne,Bilateral,194,171,Pakistan,Pakistan,9,10,India,Batting-friendly,365,23,1
421,2021,Delhi,AsiaCup,149,146,Pakistan,India,1,5,India,Balanced,295,3,1
422,2018,New York,AsiaCup,186,196,India,India,4,9,Pakistan,Balanced,382,-10,0
423,2009,Durban,Bilateral,136,156,Pakistan,India,7,8,Pakistan,Batting-friendly,292,-20,0
424,2014,Durban,WorldCup,145,157,Pakistan,India,0,1,Pakistan,Bowler-friendly,302,-12,0
425,2009,Dubai,WorldCup,118,154,India,India,3,2,Pakistan,Batting-friendly,272,-36,0
426,2015,Lahore,AsiaCup,128,155,India,India,10,10,Pakistan,Balanced,283,-27,0
427,2022,Colombo,WorldCup,188,199,Pakistan,Pakistan,6,3,Pakistan,Bowler-friendly,387,-11,0
428,2022,Delhi,Bilateral,132,198,Pakistan,India,5,2,Pakistan,Bowler-friendly,330,-66,0
429,2017,Lahore,WorldCup,196,137,India,India,0,10,India,Bowler-friendly,333,59,1
430,2020,Colombo,AsiaCup,181,186,India,Pakistan,1,1,Pakistan,Batting-friendly,367,-5,0
431,2018,Kolkata,WorldCup,138,185,Pakistan,India,6,2,Pakistan,Balanced,323,-47,0
432,2011,Dubai,Bilateral,190,186,Pakistan,India,9,2,India,Batting-friendly,376,4,1
433,2021,Melbourne,WorldCup,194,169,Pakistan,India,8,2,India,Bowler-friendly,363,25,1
434,2008,Delhi,AsiaCup,100,120,Pakistan,Pakistan,2,2,Pakistan,Balanced,220,-20,0
435,2014,Durban,WorldCup,143,155,India,Pakistan,8,2,Pakistan,Bowler-friendly,298,-12,0
436,2008,Kolkata,AsiaCup,186,108,India,India,6,9,India,Batting-friendly,294,78,1
437,2020,Dubai,AsiaCup,114,194,Pakistan,Pakistan,6,8,Pakistan,Balanced,308,-80,0
438,2014,Durban,Bilateral,134,126,Pakistan,Pakistan,9,6,India,Batting-friendly,260,8,1
439,2016,Durban,WorldCup,117,113,India,India,1,9,India,Batting-friendly,230,4,1
440,2020,Dhaka,WorldCup,130,174,Pakistan,Pakistan,8,9,Pakistan,Balanced,304,-44,0
441,2009,Dhaka,Bilateral,165,110,Pakistan,India,7,10,India,Balanced,275,55,1
442,2015,Durban,WorldCup,155,193,Pakistan,India,8,2,Pakistan,Bowler-friendly,348,-38,0
443,2014,New York,AsiaCup,160,119,Pakistan,Pakistan,8,1,India,Batting-friendly,279,41,1
444,2014,Kolkata,Bilateral,166,145,Pakistan,Pakistan,1,4,India,Balanced,311,21,1
445,2023,Melbourne,Bilateral,102,187,Pakistan,India,7,3,Pakistan,Batting-friendly,289,-85,0
446,2012,Lahore,AsiaCup,195,156,India,India,0,9,India,Balanced,351,39,1
447,2018,Delhi,WorldCup,194,140,Pakistan,Pakistan,4,4,India,Balanced,334,54,1
448,2016,Durban,WorldCup,188,194,India,Pakistan,1,9,Pakistan,Batting-friendly,382,-6,0
449,2019,Dubai,AsiaCup,152,101,India,India,6,4,India,Bowler-friendly,253,51,1
450,2023,Kolkata,AsiaCup,198,169,India,India,3,8,India,Bowler-friendly,367,29,1
451,2010,Karachi,WorldCup,161,130,Pakistan,India,10,0,India,Bowler-friendly,291,31,1
452,2009,Lahore,Bilateral,183,106,Pakistan,India,4,3,India,Batting-friendly,289,77,1
453,2015,Delhi,AsiaCup,100,171,Pakistan,India,2,4,Pakistan,Batting-friendly,271,-71,0
454,2008,Lahore,Bilateral,116,149,Pakistan,Pakistan,7,8,Pakistan,Balanced,265,-33,0
455,2010,Durban,AsiaCup,166,175,India,Pakistan,3,0,Pakistan,Balanced,341,-9,0
456,2014,Karachi,AsiaCup,140,105,Pakistan,Pakistan,3,2,India,Bowler-friendly,245,35,1
457,2012,Durban,Bilateral,195,133,India,Pakistan,2,8,India,Balanced,328,62,1
458,2010,Delhi,Bilateral,113,165,Pakistan,Pakistan,3,10,Pakistan,Bowler-friendly,278,-52,0
459,2015,Lahore,Bilateral,136,119,India,India,8,9,India,Balanced,255,17,1
460,2013,Lahore,AsiaCup,154,131,Pakistan,Pakistan,1,0,India,Balanced,285,23,1
461,2007,Durban,WorldCup,103,101,India,Pakistan,10,8,India,Bowler-friendly,204,2,1
462,2011,Durban,WorldCup,154,183,Pakistan,India,0,7,Pakistan,Balanced,337,-29,0
463,2016,New York,AsiaCup,159,172,Pakistan,India,10,7,Pakistan,Balanced,331,-13,0
464,2018,Dhaka,WorldCup,168,180,Pakistan,India,3,2,Pakistan,Balanced,348,-12,0
465,2023,New York,AsiaCup,132,141,Pakistan,India,4,8,Pakistan,Balanced,273,-9,0
466,2007,Dhaka,Bilateral,140,119,Pakistan,India,7,0,India,Balanced,259,21,1
467,2021,Kolkata,WorldCup,176,161,Pakistan,India,3,3,India,Bowler-friendly,337,15,1
468,2012,New York,AsiaCup,161,193,India,India,0,2,Pakistan,Batting-friendly,354,-32,0
469,2012,Durban,WorldCup,106,135,Pakistan,India,2,4,Pakistan,Balanced,241,-29,0
470,2007,New York,AsiaCup,159,177,Pakistan,India,7,0,Pakistan,Balanced,336,-18,0
471,2024,Melbourne,Bilateral,106,148,India,India,10,1,Pakistan,Balanced,254,-42,0
472,2015,Melbourne,AsiaCup,142,111,Pakistan,Pakistan,5,2,India,Batting-friendly,253,31,1
473,2023,Karachi,WorldCup,126,119,India,India,5,1,India,Batting-friendly,245,7,1
474,2014,Kolkata,AsiaCup,137,154,Pakistan,Pakistan,9,10,Pakistan,Balanced,291,-17,0
475,2013,Lahore,Bilateral,180,143,Pakistan,Pakistan,5,9,India,Bowler-friendly,323,37,1
476,2021,Dhaka,Bilateral,113,141,Pakistan,Pakistan,3,9,Pakistan,Batting-friendly,254,-28,0
477,2011,Dhaka,Bilateral,147,111,India,India,7,5,India,Balanced,258,36,1
478,2017,Kolkata,WorldCup,148,103,Pakistan,India,5,8,India,Balanced,251,45,1
479,2011,Dubai,AsiaCup,175,162,Pakistan,Pakistan,7,3,India,Balanced,337,13,1
480,2023,Durban,WorldCup,157,168,Pakistan,Pakistan,5,6,Pakistan,Batting-friendly,325,-11,0
481,2015,Colombo,AsiaCup,148,151,Pakistan,India,8,10,Pakistan,Bowler-friendly,299,-3,0
482,2024,Karachi,AsiaCup,179,109,India,Pakistan,2,9,India,Balanced,288,70,1
483,2009,Dubai,AsiaCup,196,152,Pakistan,Pakistan,2,5,India,Batting-friendly,348,44,1
484,2008,Melbourne,Bilateral,162,171,Pakistan,India,2,9,Pakistan,Balanced,333,-9,0
485,2013,Colombo,AsiaCup,145,113,India,India,5,10,India,Batting-friendly,258,32,1
486,2012,Dhaka,WorldCup,161,145,Pakistan,Pakistan,7,8,India,Bowler-friendly,306,16,1
487,2012,Dubai,Bilateral,144,120,India,Pakistan,6,5,India,Batting-friendly,264,24,1
488,2012,Delhi,Bilateral,190,165,Pakistan,India,0,1,India,Bowler-friendly,355,25,1
489,2015,Delhi,AsiaCup,100,150,Pakistan,Pakistan,6,4,Pakistan,Balanced,250,-50,0
490,2015,New York,WorldCup,194,129,India,Pakistan,7,3,India,Balanced,323,65,1
491,2017,Lahore,WorldCup,155,154,Pakistan,Pakistan,8,3,India,Bowler-friendly,309,1,1
492,2010,Dubai,WorldCup,190,102,India,India,10,1,India,Batting-friendly,292,88,1
493,2008,Dhaka,AsiaCup,108,197,Pakistan,Pakistan,0,5,Pakistan,Balanced,305,-89,0
494,2008,Melbourne,WorldCup,126,140,India,Pakistan,2,2,Pakistan,Balanced,266,-14,0
495,2011,Dubai,Bilateral,118,141,India,Pakistan,8,7,Pakistan,Bowler-friendly,259,-23,0
496,2009,New York,Bilateral,184,195,Pakistan,Pakistan,1,4,Pakistan,Bowler-friendly,379,-11,0
497,2017,New York,WorldCup,151,157,Pakistan,India,7,10,Pakistan,Batting-friendly,308,-6,0
498,2012,Kolkata,AsiaCup,106,193,India,Pakistan,8,2,Pakistan,Balanced,299,-87,0
499,2022,Karachi,WorldCup,187,135,India,Pakistan,6,8,India,Batting-friendly,322,52,1
500,2010,Dubai,AsiaCup,163,141,Pakistan,India,3,4,India,Bowler-friendly,304,22,1
501,2022,Durban,Bilateral,155,134,Pakistan,Pakistan,0,2,India,Batting-friendly,289,21,1
502,2020,Delhi,AsiaCup,180,149,India,India,10,10,India,Balanced,329,31,1
503,2015,Colombo,AsiaCup,111,181,India,Pakistan,5,10,Pakistan,Batting-friendly,292,-70,0
504,2018,Melbourne,AsiaCup,109,118,Pakistan,India,1,7,Pakistan,Balanced,227,-9,0
505,2010,Delhi,AsiaCup,122,146,India,India,4,3,Pakistan,Bowler-friendly,268,-24,0
506,2021,Delhi,AsiaCup,105,136,India,Pakistan,6,2,Pakistan,Bowler-friendly,241,-31,0
507,2016,Melbourne,Bilateral,131,141,Pakistan,India,4,5,Pakistan,Bowler-friendly,272,-10,0
508,2023,Dhaka,AsiaCup,170,172,India,India,0,10,Pakistan,Batting-friendly,342,-2,0
509,2022,Kolkata,Bilateral,197,192,India,India,3,3,India,Balanced,389,5,1
510,2008,Durban,Bilateral,139,137,Pakistan,India,8,1,India,Batting-friendly,276,2,1
511,2019,Dhaka,AsiaCup,197,199,Pakistan,India,9,4,Pakistan,Balanced,396,-2,0
512,2023,Dhaka,WorldCup,153,166,Pakistan,Pakistan,9,10,Pakistan,Balanced,319,-13,0
513,2024,Dhaka,WorldCup,179,159,Pakistan,India,2,4,India,Bowler-friendly,338,20,1
514,2016,Delhi,Bilateral,148,116,Pakistan,Pakistan,5,10,India,Batting-friendly,264,32,1
515,2024,Melbourne,Bilateral,186,123,Pakistan,Pakistan,5,6,India,Bowler-friendly,309,63,1
516,2014,Melbourne,WorldCup,130,153,India,Pakistan,2,10,Pakistan,Bowler-friendly,283,-23,0
517,2018,Dubai,Bilateral,129,197,Pakistan,Pakistan,0,2,Pakistan,Bowler-friendly,326,-68,0
518,2011,Dhaka,WorldCup,110,119,India,India,7,5,Pakistan,Bowler-friendly,229,-9,0
519,2018,Dhaka,WorldCup,174,174,India,Pakistan,1,2,India,Bowler-friendly,348,0,1
520,2014,Durban,WorldCup,192,142,India,Pakistan,2,5,India,Balanced,334,50,1
521,2020,Durban,Bilateral,159,115,Pakistan,Pakistan,10,4,India,Batting-friendly,274,44,1
522,2021,Delhi,AsiaCup,112,188,India,India,2,8,Pakistan,Balanced,300,-76,0
523,2014,New York,AsiaCup,195,147,India,Pakistan,7,0,India,Balanced,342,48,1
524,2007,Kolkata,WorldCup,126,156,India,Pakistan,9,2,Pakistan,Bowler-friendly,282,-30,0
525,2021,Colombo,Bilateral,106,191,Pakistan,Pakistan,7,8,Pakistan,Balanced,297,-85,0
526,2014,Kolkata,AsiaCup,109,173,India,Pakistan,4,4,Pakistan,Batting-friendly,282,-64,0
527,2016,Kolkata,AsiaCup,128,113,India,India,10,8,India,Bowler-friendly,241,15,1
528,2024,Dubai,Bilateral,153,135,India,India,5,5,India,Bowler-friendly,288,18,1
529,2021,Delhi,WorldCup,182,155,India,Pakistan,6,9,India,Balanced,337,27,1
530,2011,Lahore,AsiaCup,134,100,India,India,2,8,India,Bowler-friendly,234,34,1
531,2012,Lahore,WorldCup,185,180,Pakistan,Pakistan,0,0,India,Bowler-friendly,365,5,1
532,2016,Lahore,AsiaCup,115,156,India,Pakistan,0,1,Pakistan,Batting-friendly,271,-41,0
533,2024,Melbourne,Bilateral,171,122,Pakistan,Pakistan,9,4,India,Batting-friendly,293,49,1
534,2023,Melbourne,AsiaCup,142,176,India,Pakistan,10,1,Pakistan,Batting-friendly,318,-34,0
535,2014,New York,AsiaCup,127,175,India,Pakistan,3,3,Pakistan,Batting-friendly,302,-48,0
536,2011,Kolkata,AsiaCup,179,112,India,Pakistan,5,3,India,Balanced,291,67,1
537,2007,Lahore,AsiaCup,195,199,Pakistan,India,10,7,Pakistan,Batting-friendly,394,-4,0
538,2011,Dubai,WorldCup,198,118,Pakistan,India,8,4,India,Bowler-friendly,316,80,1
539,2012,Kolkata,Bilateral,200,164,India,India,10,0,India,Bowler-friendly,364,36,1
540,2011,Delhi,AsiaCup,102,108,India,India,9,10,Pakistan,Bowler-friendly,210,-6,0
541,2008,Lahore,Bilateral,103,177,Pakistan,Pakistan,7,10,Pakistan,Batting-friendly,280,-74,0
542,2021,Colombo,WorldCup,159,195,India,Pakistan,2,8,Pakistan,Bowler-friendly,354,-36,0
543,2018,Delhi,Bilateral,125,172,India,India,7,5,Pakistan,Bowler-friendly,297,-47,0
544,2021,New York,Bilateral,136,119,Pakistan,Pakistan,8,9,India,Batting-friendly,255,17,1
545,2009,Karachi,AsiaCup,191,121,Pakistan,Pakistan,2,6,India,Bowler-friendly,312,70,1
546,2016,Kolkata,Bilateral,155,155,India,India,2,3,Pakistan,Bowler-friendly,310,0,0
547,2021,Dubai,WorldCup,192,164,India,Pakistan,9,3,India,Batting-friendly,356,28,1
548,2007,Colombo,WorldCup,144,157,India,India,4,3,Pakistan,Balanced,301,-13,0
549,2023,Melbourne,Bilateral,177,107,Pakistan,India,4,7,India,Batting-friendly,284,70,1
550,2017,Karachi,AsiaCup,135,133,Pakistan,India,2,10,India,Balanced,268,2,1
551,2024,Delhi,AsiaCup,153,124,Pakistan,Pakistan,10,6,India,Batting-friendly,277,29,1
552,2019,Karachi,Bilateral,149,105,India,India,2,0,India,Balanced,254,44,1
553,2015,Melbourne,WorldCup,159,130,Pakistan,Pakistan,10,3,India,Balanced,289,29,1
554,2017,Colombo,Bilateral,105,125,Pakistan,Pakistan,2,8,Pakistan,Bowler-friendly,230,-20,0
555,2012,Colombo,WorldCup,164,155,Pakistan,Pakistan,9,1,India,Bowler-friendly,319,9,1
556,2022,Dubai,WorldCup,143,175,India,India,9,9,Pakistan,Batting-friendly,318,-32,0
557,2010,New York,Bilateral,166,149,India,India,4,5,India,Batting-friendly,315,17,1
558,2008,Lahore,AsiaCup,197,104,Pakistan,India,1,6,India,Balanced,301,93,1
559,2012,Delhi,WorldCup,151,124,India,India,5,1,India,Balanced,275,27,1
560,2017,Karachi,Bilateral,162,195,Pakistan,India,2,5,Pakistan,Balanced,357,-33,0
561,2023,Kolkata,AsiaCup,163,127,India,India,3,8,India,Balanced,290,36,1
562,2016,Karachi,AsiaCup,161,149,India,Pakistan,1,1,India,Bowler-friendly,310,12,1
563,2009,Colombo,AsiaCup,165,138,Pakistan,India,10,6,India,Batting-friendly,303,27,1
564,2020,Colombo,WorldCup,120,185,Pakistan,India,3,8,Pakistan,Balanced,305,-65,0
565,2019,Karachi,AsiaCup,137,168,Pakistan,Pakistan,1,5,Pakistan,Batting-friendly,305,-31,0
566,2021,Lahore,AsiaCup,141,175,India,Pakistan,5,4,Pakistan,Bowler-friendly,316,-34,0
567,2015,Lahore,WorldCup,181,185,India,Pakistan,4,9,Pakistan,Balanced,366,-4,0
568,2010,Dubai,WorldCup,195,158,India,Pakistan,6,10,India,Bowler-friendly,353,37,1
569,2008,Kolkata,WorldCup,110,102,India,India,3,2,India,Batting-friendly,212,8,1
570,2023,Dubai,AsiaCup,169,167,Pakistan,Pakistan,5,5,India,Balanced,336,2,1
571,2022,Kolkata,WorldCup,161,128,Pakistan,Pakistan,10,0,India,Batting-friendly,289,33,1
572,2022,Colombo,Bilateral,178,157,Pakistan,Pakistan,0,3,India,Bowler-friendly,335,21,1
573,2024,Durban,Bilateral,101,175,Pakistan,Pakistan,8,10,Pakistan,Balanced,276,-74,0
574,2013,Kolkata,AsiaCup,147,142,Pakistan,India,8,9,India,Balanced,289,5,1
575,2018,Durban,WorldCup,144,129,India,India,9,6,India,Batting-friendly,273,15,1
576,2015,Lahore,Bilateral,103,124,India,Pakistan,7,5,Pakistan,Bowler-friendly,227,-21,0
577,2016,New York,Bilateral,166,160,Pakistan,India,2,4,India,Batting-friendly,326,6,1
578,2014,Durban,AsiaCup,133,178,India,India,3,7,Pakistan,Balanced,311,-45,0
579,2013,Durban,Bilateral,145,152,Pakistan,India,9,5,Pakistan,Balanced,297,-7,0
580,2016,Colombo,Bilateral,165,188,India,India,1,7,Pakistan,Batting-friendly,353,-23,0
581,2014,New York,AsiaCup,151,171,India,Pakistan,3,6,Pakistan,Balanced,322,-20,0
582,2014,Lahore,Bilateral,144,104,Pakistan,India,5,3,India,Balanced,248,40,1
583,2017,Melbourne,WorldCup,191,144,India,Pakistan,5,0,India,Bowler-friendly,335,47,1
584,2012,Karachi,AsiaCup,176,124,India,Pakistan,5,4,India,Balanced,300,52,1
585,2015,Durban,AsiaCup,168,179,India,India,0,5,Pakistan,Batting-friendly,347,-11,0
586,2018,Kolkata,AsiaCup,139,191,India,Pakistan,0,10,Pakistan,Batting-friendly,330,-52,0
587,2015,Dhaka,Bilateral,162,191,Pakistan,Pakistan,7,9,Pakistan,Balanced,353,-29,0
588,2023,Dhaka,WorldCup,173,198,Pakistan,India,5,1,Pakistan,Bowler-friendly,371,-25,0
589,2019,Delhi,AsiaCup,181,100,India,Pakistan,3,6,India,Bowler-friendly,281,81,1
590,2021,Lahore,Bilateral,126,123,Pakistan,India,0,2,India,Bowler-friendly,249,3,1
591,2019,Dubai,AsiaCup,155,138,Pakistan,India,0,2,India,Bowler-friendly,293,17,1
592,2015,Durban,AsiaCup,120,165,Pakistan,India,10,9,Pakistan,Bowler-friendly,285,-45,0
593,2010,Delhi,AsiaCup,140,102,Pakistan,Pakistan,2,1,India,Bowler-friendly,242,38,1
594,2008,Lahore,AsiaCup,189,153,India,Pakistan,8,7,India,Batting-friendly,342,36,1
595,2023,Kolkata,AsiaCup,176,198,India,Pakistan,9,9,Pakistan,Batting-friendly,374,-22,0
596,2024,Melbourne,WorldCup,156,100,Pakistan,India,5,3,India,Bowler-friendly,256,56,1
597,2015,Durban,WorldCup,119,102,Pakistan,Pakistan,9,6,India,Balanced,221,17,1
598,2013,Melbourne,WorldCup,152,149,India,Pakistan,5,2,India,Batting-friendly,301,3,1
599,2024,Karachi,WorldCup,195,118,India,India,3,10,India,Balanced,313,77,1
600,2016,Dhaka,Bilateral,111,140,India,India,5,5,Pakistan,Bowler-friendly,251,-29,0
601,2009,Karachi,Bilateral,144,184,India,Pakistan,2,5,Pakistan,Bowler-friendly,328,-40,0
602,2024,New York,WorldCup,122,120,Pakistan,India,5,7,India,Batting-friendly,242,2,1
603,2009,Melbourne,Bilateral,171,193,India,India,1,7,Pakistan,Bowler-friendly,364,-22,0
604,2012,Colombo,WorldCup,110,141,India,India,3,8,Pakistan,Bowler-friendly,251,-31,0
605,2012,Durban,AsiaCup,103,150,India,Pakistan,9,6,Pakistan,Batting-friendly,253,-47,0
606,2022,Kolkata,Bilateral,167,125,Pakistan,India,6,4,India,Bowler-friendly,292,42,1
607,2013,Dubai,AsiaCup,198,158,Pakistan,India,2,4,India,Balanced,356,40,1
608,2012,Colombo,WorldCup,100,155,India,India,1,5,Pakistan,Batting-friendly,255,-55,0
609,2023,Melbourne,Bilateral,174,180,India,India,10,9,Pakistan,Batting-friendly,354,-6,0
610,2013,Dubai,AsiaCup,141,114,India,Pakistan,0,10,India,Batting-friendly,255,27,1
611,2010,Karachi,WorldCup,113,143,India,Pakistan,9,7,Pakistan,Batting-friendly,256,-30,0
612,2013,Melbourne,AsiaCup,170,165,Pakistan,India,8,2,India,Balanced,335,5,1
613,2023,New York,Bilateral,142,197,India,India,8,8,Pakistan,Bowler-friendly,339,-55,0
614,2021,Delhi,AsiaCup,183,106,India,Pakistan,9,4,India,Batting-friendly,289,77,1
615,2021,Dhaka,Bilateral,147,174,India,Pakistan,0,2,Pakistan,Bowler-friendly,321,-27,0
616,2018,Karachi,WorldCup,100,182,India,Pakistan,3,0,Pakistan,Balanced,282,-82,0
617,2007,Lahore,WorldCup,146,122,India,India,10,5,India,Balanced,268,24,1
618,2024,Colombo,Bilateral,124,159,Pakistan,India,9,6,Pakistan,Bowler-friendly,283,-35,0
619,2017,Lahore,Bilateral,118,141,India,Pakistan,5,4,Pakistan,Balanced,259,-23,0
620,2018,Karachi,WorldCup,173,147,India,Pakistan,10,9,India,Batting-friendly,320,26,1
621,2016,New York,AsiaCup,166,164,Pakistan,Pakistan,8,6,India,Balanced,330,2,1
622,2007,Colombo,AsiaCup,116,180,Pakistan,Pakistan,2,5,Pakistan,Balanced,296,-64,0
623,2020,Karachi,AsiaCup,108,120,India,India,8,4,Pakistan,Balanced,228,-12,0
624,2017,Colombo,Bilateral,131,180,Pakistan,Pakistan,7,3,Pakistan,Balanced,311,-49,0
625,2023,New York,WorldCup,172,183,India,India,6,8,Pakistan,Batting-friendly,355,-11,0
626,2022,Melbourne,Bilateral,178,124,India,India,1,10,India,Bowler-friendly,302,54,1
627,2015,Colombo,Bilateral,163,117,Pakistan,Pakistan,1,6,India,Batting-friendly,280,46,1
628,2012,Dhaka,AsiaCup,137,167,India,India,9,3,Pakistan,Balanced,304,-30,0
629,2013,Lahore,Bilateral,195,147,India,Pakistan,5,2,India,Batting-friendly,342,48,1
630,2008,Delhi,WorldCup,153,190,Pakistan,Pakistan,5,9,Pakistan,Balanced,343,-37,0
631,2009,Dhaka,WorldCup,172,180,India,India,1,5,Pakistan,Batting-friendly,352,-8,0
632,2019,Dubai,AsiaCup,196,136,Pakistan,India,3,8,India,Balanced,332,60,1
633,2024,Kolkata,AsiaCup,123,181,India,India,7,0,Pakistan,Bowler-friendly,304,-58,0
634,2021,New York,AsiaCup,168,109,Pakistan,India,2,5,India,Balanced,277,59,1
635,2017,Delhi,AsiaCup,115,148,India,India,6,1,Pakistan,Batting-friendly,263,-33,0
636,2020,Lahore,Bilateral,164,187,India,Pakistan,9,1,Pakistan,Batting-friendly,351,-23,0
637,2023,Melbourne,Bilateral,112,116,India,India,3,10,Pakistan,Bowler-friendly,228,-4,0
638,2008,Dhaka,WorldCup,153,189,India,Pakistan,2,5,Pakistan,Bowler-friendly,342,-36,0
639,2010,Melbourne,Bilateral,103,141,India,India,4,5,Pakistan,Balanced,244,-38,0
640,2008,Colombo,AsiaCup,116,192,Pakistan,India,0,2,Pakistan,Batting-friendly,308,-76,0
641,2023,Delhi,AsiaCup,105,161,Pakistan,Pakistan,3,7,Pakistan,Batting-friendly,266,-56,0
642,2014,New York,WorldCup,192,129,India,Pakistan,1,0,India,Bowler-friendly,321,63,1
643,2017,Melbourne,WorldCup,135,163,India,India,3,7,Pakistan,Balanced,298,-28,0
644,2023,Karachi,Bilateral,149,134,India,Pakistan,8,4,India,Batting-friendly,283,15,1
645,2023,Durban,Bilateral,142,161,India,India,6,7,Pakistan,Batting-friendly,303,-19,0
646,2013,Dubai,Bilateral,127,114,Pakistan,India,10,3,India,Balanced,241,13,1
647,2015,Karachi,AsiaCup,127,115,Pakistan,India,1,8,India,Bowler-friendly,242,12,1
648,2020,Dubai,WorldCup,123,101,Pakistan,Pakistan,7,2,India,Bowler-friendly,224,22,1
649,2020,Kolkata,AsiaCup,127,150,Pakistan,Pakistan,0,5,Pakistan,Batting-friendly,277,-23,0
650,2020,Dhaka,AsiaCup,198,103,Pakistan,Pakistan,4,9,India,Batting-friendly,301,95,1
651,2017,Melbourne,Bilateral,121,145,India,India,6,6,Pakistan,Balanced,266,-24,0
652,2012,Kolkata,WorldCup,143,132,Pakistan,Pakistan,2,2,India,Balanced,275,11,1
653,2021,Dhaka,Bilateral,102,136,Pakistan,India,3,5,Pakistan,Bowler-friendly,238,-34,0
654,2007,Kolkata,Bilateral,143,147,Pakistan,Pakistan,3,10,Pakistan,Batting-friendly,290,-4,0
655,2009,Melbourne,WorldCup,191,103,Pakistan,Pakistan,3,2,India,Balanced,294,88,1
656,2009,Colombo,AsiaCup,162,159,India,India,2,1,India,Batting-friendly,321,3,1
657,2020,Dubai,WorldCup,145,168,India,India,7,0,Pakistan,Balanced,313,-23,0
658,2023,Melbourne,WorldCup,169,102,Pakistan,Pakistan,8,5,India,Bowler-friendly,271,67,1
659,2022,Lahore,AsiaCup,157,112,India,India,8,1,India,Balanced,269,45,1
660,2014,Dubai,Bilateral,150,174,Pakistan,India,6,6,Pakistan,Batting-friendly,324,-24,0
661,2022,Delhi,Bilateral,199,139,India,India,7,6,India,Balanced,338,60,1
662,2010,Karachi,AsiaCup,154,104,India,Pakistan,8,0,India,Balanced,258,50,1
663,2022,Dhaka,AsiaCup,172,114,India,Pakistan,3,3,India,Bowler-friendly,286,58,1
664,2020,New York,AsiaCup,120,104,India,India,7,0,India,Batting-friendly,224,16,1
665,2018,Delhi,WorldCup,146,185,Pakistan,India,6,10,Pakistan,Batting-friendly,331,-39,0
666,2009,New York,AsiaCup,194,175,India,India,3,8,India,Batting-friendly,369,19,1
667,2021,Lahore,Bilateral,147,119,India,Pakistan,5,3,India,Batting-friendly,266,28,1
668,2014,Colombo,Bilateral,159,146,India,Pakistan,0,2,India,Balanced,305,13,1
669,2015,Kolkata,AsiaCup,158,182,India,Pakistan,5,1,Pakistan,Batting-friendly,340,-24,0
670,2014,Delhi,WorldCup,114,175,Pakistan,India,10,2,Pakistan,Balanced,289,-61,0
671,2014,Karachi,WorldCup,145,160,India,India,7,2,Pakistan,Bowler-friendly,305,-15,0
672,2013,Lahore,WorldCup,128,108,India,India,8,1,India,Bowler-friendly,236,20,1
673,2007,Kolkata,WorldCup,145,149,Pakistan,India,1,0,Pakistan,Batting-friendly,294,-4,0
674,2020,Lahore,AsiaCup,136,157,Pakistan,Pakistan,5,5,Pakistan,Bowler-friendly,293,-21,0
675,2018,Dhaka,WorldCup,174,166,India,Pakistan,1,5,India,Batting-friendly,340,8,1
676,2022,Dubai,WorldCup,125,140,India,India,6,1,Pakistan,Bowler-friendly,265,-15,0
677,2023,New York,WorldCup,120,179,India,India,8,5,Pakistan,Bowler-friendly,299,-59,0
678,2011,Colombo,WorldCup,161,122,India,India,4,6,India,Bowler-friendly,283,39,1
679,2009,Dhaka,Bilateral,171,133,Pakistan,India,9,1,India,Bowler-friendly,304,38,1
680,2016,New York,Bilateral,161,199,Pakistan,India,1,6,Pakistan,Balanced,360,-38,0
681,2009,Dhaka,WorldCup,107,195,India,India,9,4,Pakistan,Bowler-friendly,302,-88,0
682,2010,Dubai,Bilateral,196,190,Pakistan,India,3,10,India,Batting-friendly,386,6,1
683,2024,New York,Bilateral,159,178,India,India,1,8,Pakistan,Balanced,337,-19,0
684,2012,Delhi,Bilateral,197,160,India,India,10,0,India,Balanced,357,37,1
685,2019,Durban,Bilateral,101,184,India,Pakistan,4,3,Pakistan,Batting-friendly,285,-83,0
686,2023,Delhi,AsiaCup,145,153,Pakistan,Pakistan,4,6,Pakistan,Batting-friendly,298,-8,0
687,2007,New York,WorldCup,156,188,Pakistan,India,3,0,Pakistan,Batting-friendly,344,-32,0
688,2009,Dubai,WorldCup,147,116,India,Pakistan,6,5,India,Balanced,263,31,1
689,2020,Kolkata,WorldCup,136,117,Pakistan,Pakistan,6,9,India,Balanced,253,19,1
690,2022,Dhaka,WorldCup,178,119,India,Pakistan,6,9,India,Bowler-friendly,297,59,1
691,2019,Lahore,AsiaCup,101,105,India,Pakistan,10,9,Pakistan,Bowler-friendly,206,-4,0
692,2007,Durban,AsiaCup,165,153,India,Pakistan,4,3,India,Batting-friendly,318,12,1
693,2017,Karachi,AsiaCup,179,163,India,Pakistan,5,2,India,Balanced,342,16,1
694,2024,Lahore,WorldCup,110,119,Pakistan,Pakistan,1,7,Pakistan,Balanced,229,-9,0
695,2016,Melbourne,AsiaCup,125,116,Pakistan,India,7,4,India,Balanced,241,9,1
696,2018,Melbourne,AsiaCup,149,143,Pakistan,India,10,6,India,Bowler-friendly,292,6,1
697,2015,Dubai,AsiaCup,139,111,India,India,7,10,India,Bowler-friendly,250,28,1
698,2017,Karachi,WorldCup,151,150,India,Pakistan,10,1,India,Batting-friendly,301,1,1
699,2007,Colombo,WorldCup,154,164,Pakistan,Pakistan,7,10,Pakistan,Bowler-friendly,318,-10,0
700,2008,Dubai,AsiaCup,135,158,Pakistan,India,0,0,Pakistan,Bowler-friendly,293,-23,0
701,2011,Dubai,WorldCup,180,127,India,India,5,6,India,Batting-friendly,307,53,1
702,2010,Colombo,Bilateral,184,153,Pakistan,India,6,9,India,Batting-friendly,337,31,1
703,2012,Lahore,WorldCup,161,186,India,Pakistan,10,6,Pakistan,Bowler-friendly,347,-25,0
704,2012,Dhaka,Bilateral,129,113,Pakistan,Pakistan,0,1,India,Bowler-friendly,242,16,1
705,2017,Kolkata,AsiaCup,111,154,India,India,2,1,Pakistan,Balanced,265,-43,0
706,2010,Kolkata,WorldCup,120,177,Pakistan,India,5,1,Pakistan,Balanced,297,-57,0
707,2023,Melbourne,WorldCup,198,144,Pakistan,India,3,3,India,Bowler-friendly,342,54,1
708,2015,Kolkata,Bilateral,188,103,India,Pakistan,8,9,India,Bowler-friendly,291,85,1
709,2014,Delhi,Bilateral,150,110,India,Pakistan,10,3,India,Balanced,260,40,1
710,2012,Kolkata,Bilateral,130,190,India,India,3,9,Pakistan,Balanced,320,-60,0
711,2016,Kolkata,WorldCup,168,170,Pakistan,India,9,8,Pakistan,Bowler-friendly,338,-2,0
712,2009,New York,AsiaCup,194,185,India,Pakistan,5,0,India,Batting-friendly,379,9,1
713,2016,New York,Bilateral,167,128,India,India,5,4,India,Bowler-friendly,295,39,1
714,2008,Melbourne,WorldCup,170,164,Pakistan,India,5,0,India,Batting-friendly,334,6,1
715,2007,Karachi,WorldCup,193,112,Pakistan,India,9,7,India,Batting-friendly,305,81,1
716,2020,Melbourne,WorldCup,116,126,Pakistan,Pakistan,5,8,Pakistan,Bowler-friendly,242,-10,0
717,2008,Kolkata,AsiaCup,133,172,India,India,6,1,Pakistan,Bowler-friendly,305,-39,0
718,2023,Colombo,AsiaCup,197,145,India,Pakistan,8,8,India,Balanced,342,52,1
719,2010,Karachi,AsiaCup,176,100,India,Pakistan,4,2,India,Batting-friendly,276,76,1
720,2009,Lahore,WorldCup,154,191,India,Pakistan,5,4,Pakistan,Batting-friendly,345,-37,0
721,2015,Dhaka,AsiaCup,135,109,India,Pakistan,10,6,India,Balanced,244,26,1
722,2017,Colombo,AsiaCup,161,158,Pakistan,Pakistan,2,6,India,Bowler-friendly,319,3,1
723,2009,Karachi,AsiaCup,164,174,Pakistan,Pakistan,2,4,Pakistan,Batting-friendly,338,-10,0
724,2016,Durban,WorldCup,113,129,Pakistan,India,1,4,Pakistan,Balanced,242,-16,0
725,2010,Durban,AsiaCup,195,200,India,India,8,6,Pakistan,Balanced,395,-5,0
726,2022,Dubai,AsiaCup,138,102,Pakistan,India,10,8,India,Balanced,240,36,1
727,2016,Melbourne,AsiaCup,116,179,India,India,0,5,Pakistan,Balanced,295,-63,0
728,2013,New York,Bilateral,136,149,India,India,9,0,Pakistan,Bowler-friendly,285,-13,0
729,2007,Delhi,Bilateral,119,143,India,India,9,2,Pakistan,Bowler-friendly,262,-24,0
730,2021,Karachi,Bilateral,132,130,India,India,7,7,India,Balanced,262,2,1
731,2016,Dhaka,WorldCup,156,161,Pakistan,India,7,2,Pakistan,Batting-friendly,317,-5,0
732,2013,Melbourne,Bilateral,112,131,India,Pakistan,10,8,Pakistan,Batting-friendly,243,-19,0
733,2012,Melbourne,AsiaCup,151,110,India,Pakistan,10,3,India,Bowler-friendly,261,41,1
734,2012,Colombo,Bilateral,136,104,Pakistan,India,1,3,India,Batting-friendly,240,32,1
735,2020,Colombo,AsiaCup,188,141,India,India,4,4,India,Batting-friendly,329,47,1
736,2015,Delhi,WorldCup,181,112,Pakistan,Pakistan,3,4,India,Batting-friendly,293,69,1
737,2022,Durban,WorldCup,129,178,India,Pakistan,4,5,Pakistan,Bowler-friendly,307,-49,0
738,2017,Dubai,AsiaCup,142,107,India,Pakistan,6,4,India,Balanced,249,35,1
739,2019,Dubai,WorldCup,134,147,India,Pakistan,5,0,Pakistan,Bowler-friendly,281,-13,0
740,2007,Kolkata,AsiaCup,170,140,India,Pakistan,3,9,India,Bowler-friendly,310,30,1
741,2012,Karachi,AsiaCup,188,108,India,India,9,5,India,Balanced,296,80,1
742,2014,Colombo,WorldCup,140,126,India,India,0,1,India,Batting-friendly,266,14,1
743,2014,Melbourne,AsiaCup,161,121,India,Pakistan,5,9,India,Bowler-friendly,282,40,1
744,2018,Durban,AsiaCup,188,102,Pakistan,India,2,4,India,Balanced,290,86,1
745,2011,Dubai,Bilateral,156,130,Pakistan,Pakistan,4,0,India,Balanced,286,26,1
746,2009,New York,Bilateral,193,126,India,Pakistan,0,1,India,Bowler-friendly,319,67,1
747,2011,Durban,AsiaCup,128,107,Pakistan,Pakistan,7,3,India,Batting-friendly,235,21,1
748,2020,Kolkata,AsiaCup,155,138,India,Pakistan,2,3,India,Bowler-friendly,293,17,1
749,2023,Delhi,WorldCup,159,102,India,India,6,2,India,Bowler-friendly,261,57,1
750,2018,Delhi,Bilateral,124,190,Pakistan,India,6,6,Pakistan,Balanced,314,-66,0
751,2012,New York,AsiaCup,103,173,Pakistan,India,0,0,Pakistan,Balanced,276,-70,0
752,2018,Karachi,AsiaCup,151,148,Pakistan,Pakistan,3,3,India,Balanced,299,3,1
753,2019,Melbourne,WorldCup,185,178,Pakistan,India,1,5,India,Batting-friendly,363,7,1
754,2023,Colombo,WorldCup,106,119,Pakistan,India,2,7,Pakistan,Bowler-friendly,225,-13,0
755,2015,Delhi,Bilateral,125,170,Pakistan,Pakistan,9,0,Pakistan,Balanced,295,-45,0
756,2009,Karachi,WorldCup,133,123,India,Pakistan,4,2,India,Balanced,256,10,1
757,2018,Lahore,AsiaCup,195,175,Pakistan,India,5,2,India,Balanced,370,20,1
758,2015,Dubai,Bilateral,113,156,India,India,2,2,Pakistan,Balanced,269,-43,0
759,2009,Karachi,AsiaCup,134,183,India,India,0,4,Pakistan,Bowler-friendly,317,-49,0
760,2007,Dubai,Bilateral,134,106,India,India,2,1,India,Bowler-friendly,240,28,1
761,2023,Durban,AsiaCup,191,165,Pakistan,India,4,0,India,Bowler-friendly,356,26,1
762,2014,Dhaka,Bilateral,195,108,Pakistan,India,4,4,India,Balanced,303,87,1
763,2011,Delhi,AsiaCup,166,160,India,India,6,9,India,Bowler-friendly,326,6,1
764,2008,Dubai,WorldCup,157,106,India,Pakistan,10,5,India,Bowler-friendly,263,51,1
765,2013,Dubai,AsiaCup,104,200,India,India,2,1,Pakistan,Balanced,304,-96,0
766,2021,Delhi,WorldCup,168,181,Pakistan,India,0,9,Pakistan,Balanced,349,-13,0
767,2018,Durban,AsiaCup,116,138,Pakistan,India,1,0,Pakistan,Balanced,254,-22,0
768,2013,New York,AsiaCup,182,101,India,India,4,10,India,Balanced,283,81,1
769,2023,Melbourne,WorldCup,151,129,Pakistan,Pakistan,7,7,India,Bowler-friendly,280,22,1
770,2017,Melbourne,WorldCup,108,149,Pakistan,Pakistan,9,5,Pakistan,Bowler-friendly,257,-41,0
771,2011,Delhi,AsiaCup,183,133,India,India,5,8,India,Batting-friendly,316,50,1
772,2011,Melbourne,WorldCup,186,153,India,India,9,6,India,Batting-friendly,339,33,1
773,2023,Durban,AsiaCup,130,181,Pakistan,India,10,3,Pakistan,Balanced,311,-51,0
774,2022,Colombo,Bilateral,120,193,India,Pakistan,4,3,Pakistan,Balanced,313,-73,0
775,2022,Durban,Bilateral,158,138,Pakistan,Pakistan,0,2,India,Batting-friendly,296,20,1
776,2017,Kolkata,AsiaCup,125,198,India,India,10,1,Pakistan,Batting-friendly,323,-73,0
777,2010,Lahore,WorldCup,200,131,India,India,9,6,India,Bowler-friendly,331,69,1
778,2010,Durban,AsiaCup,116,177,India,Pakistan,5,4,Pakistan,Balanced,293,-61,0
779,2019,New York,Bilateral,190,159,Pakistan,Pakistan,9,2,India,Bowler-friendly,349,31,1
780,2019,Durban,AsiaCup,133,186,Pakistan,India,5,7,Pakistan,Batting-friendly,319,-53,0
781,2011,New York,Bilateral,149,184,India,India,3,10,Pakistan,Bowler-friendly,333,-35,0
782,2023,Dubai,WorldCup,190,125,Pakistan,India,4,8,India,Bowler-friendly,315,65,1
783,2010,Dubai,WorldCup,200,193,Pakistan,India,3,1,India,Batting-friendly,393,7,1
784,2021,Kolkata,Bilateral,137,139,India,Pakistan,0,5,Pakistan,Bowler-friendly,276,-2,0
785,2013,Karachi,WorldCup,136,100,Pakistan,India,10,5,India,Bowler-friendly,236,36,1
786,2023,Durban,AsiaCup,137,121,Pakistan,Pakistan,3,10,India,Batting-friendly,258,16,1
787,2011,Durban,AsiaCup,113,102,India,Pakistan,5,3,India,Balanced,215,11,1
788,2018,Durban,Bilateral,174,123,Pakistan,Pakistan,3,0,India,Bowler-friendly,297,51,1
789,2009,Colombo,Bilateral,146,136,India,India,0,0,India,Batting-friendly,282,10,1
790,2019,Delhi,Bilateral,181,196,Pakistan,India,8,7,Pakistan,Balanced,377,-15,0
791,2019,Melbourne,WorldCup,136,122,Pakistan,Pakistan,10,0,India,Bowler-friendly,258,14,1
792,2007,Durban,WorldCup,185,148,India,India,9,8,India,Balanced,333,37,1
793,2011,New York,AsiaCup,168,131,India,Pakistan,6,5,India,Batting-friendly,299,37,1
794,2008,Karachi,AsiaCup,132,184,India,India,5,2,Pakistan,Bowler-friendly,316,-52,0
795,2024,Delhi,AsiaCup,114,152,Pakistan,Pakistan,10,7,Pakistan,Bowler-friendly,266,-38,0
796,2010,Melbourne,Bilateral,160,131,India,India,2,4,India,Balanced,291,29,1
797,2021,New York,AsiaCup,152,181,Pakistan,India,1,0,Pakistan,Balanced,333,-29,0
798,2022,Delhi,WorldCup,158,167,India,Pakistan,0,4,Pakistan,Batting-friendly,325,-9,0
799,2020,Dubai,AsiaCup,188,183,India,Pakistan,0,4,India,Balanced,371,5,1
800,2016,Durban,WorldCup,141,166,Pakistan,India,5,3,Pakistan,Bowler-friendly,307,-25,0
801,2018,Karachi,WorldCup,152,194,India,Pakistan,0,2,Pakistan,Bowler-friendly,346,-42,0
802,2012,Dubai,Bilateral,141,126,Pakistan,Pakistan,4,1,India,Bowler-friendly,267,15,1
803,2011,Dhaka,WorldCup,138,159,India,India,4,0,Pakistan,Batting-friendly,297,-21,0
804,2014,Lahore,Bilateral,114,166,India,Pakistan,9,5,Pakistan,Batting-friendly,280,-52,0
805,2012,New York,Bilateral,119,190,India,Pakistan,8,10,Pakistan,Batting-friendly,309,-71,0
806,2021,Melbourne,AsiaCup,164,139,Pakistan,Pakistan,9,5,India,Balanced,303,25,1
807,2013,Durban,AsiaCup,109,110,Pakistan,Pakistan,0,2,Pakistan,Batting-friendly,219,-1,0
808,2012,Dhaka,AsiaCup,172,117,Pakistan,India,10,9,India,Batting-friendly,289,55,1
809,2016,New York,Bilateral,107,197,Pakistan,India,9,2,Pakistan,Bowler-friendly,304,-90,0
810,2020,Colombo,WorldCup,116,155,Pakistan,Pakistan,4,1,Pakistan,Balanced,271,-39,0
811,2011,Durban,AsiaCup,176,125,India,India,10,4,India,Batting-friendly,301,51,1
812,2016,Melbourne,AsiaCup,166,175,Pakistan,Pakistan,6,3,Pakistan,Bowler-friendly,341,-9,0
813,2022,Delhi,WorldCup,114,174,Pakistan,India,2,5,Pakistan,Bowler-friendly,288,-60,0
814,2010,New York,AsiaCup,186,199,India,India,1,7,Pakistan,Bowler-friendly,385,-13,0
815,2021,Dubai,WorldCup,193,195,Pakistan,Pakistan,0,6,Pakistan,Balanced,388,-2,0
816,2012,Dubai,AsiaCup,194,122,India,India,10,0,India,Batting-friendly,316,72,1
817,2024,Melbourne,WorldCup,167,123,India,Pakistan,2,4,India,Batting-friendly,290,44,1
818,2012,Colombo,AsiaCup,165,130,India,Pakistan,8,3,India,Balanced,295,35,1
819,2021,Durban,AsiaCup,149,187,Pakistan,India,9,1,Pakistan,Batting-friendly,336,-38,0
820,2007,Lahore,AsiaCup,172,176,India,Pakistan,9,0,Pakistan,Balanced,348,-4,0
821,2008,Kolkata,WorldCup,165,194,Pakistan,India,3,8,Pakistan,Batting-friendly,359,-29,0
822,2013,Delhi,AsiaCup,152,130,India,Pakistan,3,1,India,Balanced,282,22,1
823,2010,Lahore,Bilateral,131,142,India,Pakistan,6,9,Pakistan,Balanced,273,-11,0
824,2016,New York,WorldCup,176,198,Pakistan,Pakistan,9,4,Pakistan,Balanced,374,-22,0
825,2015,Karachi,AsiaCup,104,177,Pakistan,India,9,6,Pakistan,Batting-friendly,281,-73,0
826,2017,New York,WorldCup,186,163,Pakistan,Pakistan,6,6,India,Batting-friendly,349,23,1
827,2007,Lahore,WorldCup,176,106,India,India,0,9,India,Bowler-friendly,282,70,1
828,2010,Kolkata,WorldCup,102,142,India,India,8,6,Pakistan,Bowler-friendly,244,-40,0
829,2013,Dubai,Bilateral,115,190,Pakistan,India,2,9,Pakistan,Batting-friendly,305,-75,0
830,2018,Dhaka,WorldCup,130,116,Pakistan,Pakistan,7,5,India,Batting-friendly,246,14,1
831,2017,Karachi,WorldCup,158,116,India,India,7,4,India,Balanced,274,42,1
832,2019,Dubai,Bilateral,129,138,India,India,9,6,Pakistan,Bowler-friendly,267,-9,0
833,2013,New York,WorldCup,146,194,Pakistan,India,1,5,Pakistan,Bowler-friendly,340,-48,0
834,2020,Durban,Bilateral,107,119,Pakistan,India,10,10,Pakistan,Batting-friendly,226,-12,0
835,2008,Kolkata,WorldCup,163,185,Pakistan,Pakistan,10,4,Pakistan,Balanced,348,-22,0
836,2023,Dhaka,Bilateral,198,122,India,India,2,5,India,Batting-friendly,320,76,1
837,2015,Colombo,Bilateral,127,198,Pakistan,India,2,10,Pakistan,Batting-friendly,325,-71,0
838,2011,Colombo,AsiaCup,115,117,India,India,0,10,Pakistan,Batting-friendly,232,-2,0
839,2010,Kolkata,Bilateral,144,198,Pakistan,Pakistan,0,3,Pakistan,Balanced,342,-54,0
840,2011,Melbourne,Bilateral,111,147,India,Pakistan,8,10,Pakistan,Bowler-friendly,258,-36,0
841,2007,Dubai,AsiaCup,151,123,Pakistan,India,9,3,India,Balanced,274,28,1
842,2007,Delhi,AsiaCup,189,107,Pakistan,India,9,0,India,Balanced,296,82,1
843,2019,Lahore,WorldCup,141,111,India,Pakistan,4,1,India,Batting-friendly,252,30,1
844,2008,Melbourne,Bilateral,107,133,India,Pakistan,1,9,Pakistan,Bowler-friendly,240,-26,0
845,2015,Lahore,AsiaCup,199,195,India,Pakistan,8,0,India,Balanced,394,4,1
846,2009,Kolkata,Bilateral,147,117,Pakistan,India,6,7,India,Batting-friendly,264,30,1
847,2020,Lahore,Bilateral,120,173,Pakistan,India,2,10,Pakistan,Bowler-friendly,293,-53,0
848,2012,Melbourne,WorldCup,104,162,Pakistan,Pakistan,1,2,Pakistan,Batting-friendly,266,-58,0
849,2019,Karachi,Bilateral,118,147,India,India,1,4,Pakistan,Balanced,265,-29,0
850,2023,Dhaka,AsiaCup,150,116,Pakistan,Pakistan,10,7,India,Bowler-friendly,266,34,1
851,2008,Lahore,WorldCup,133,199,Pakistan,Pakistan,0,4,Pakistan,Balanced,332,-66,0
852,2012,Lahore,WorldCup,177,178,Pakistan,India,10,10,Pakistan,Balanced,355,-1,0
853,2007,Durban,Bilateral,153,155,India,India,0,10,Pakistan,Batting-friendly,308,-2,0
854,2024,Karachi,Bilateral,115,159,India,India,5,3,Pakistan,Batting-friendly,274,-44,0
855,2015,Dubai,Bilateral,192,156,India,India,0,8,India,Bowler-friendly,348,36,1
856,2010,Colombo,AsiaCup,157,187,Pakistan,Pakistan,8,0,Pakistan,Balanced,344,-30,0
857,2016,Dubai,WorldCup,148,140,India,India,8,5,India,Balanced,288,8,1
858,2023,Melbourne,Bilateral,183,131,India,India,6,1,India,Batting-friendly,314,52,1
859,2013,Delhi,Bilateral,157,167,India,Pakistan,4,0,Pakistan,Balanced,324,-10,0
860,2008,Lahore,Bilateral,179,142,India,Pakistan,10,6,India,Batting-friendly,321,37,1
861,2009,Colombo,Bilateral,185,161,Pakistan,India,4,3,India,Bowler-friendly,346,24,1
862,2007,Dubai,Bilateral,147,116,India,India,2,8,India,Bowler-friendly,263,31,1
863,2009,Karachi,Bilateral,187,126,Pakistan,India,3,2,India,Batting-friendly,313,61,1
864,2013,Dhaka,WorldCup,180,147,Pakistan,India,9,2,India,Balanced,327,33,1
865,2019,Delhi,WorldCup,174,189,India,India,10,1,Pakistan,Balanced,363,-15,0
866,2020,Dhaka,AsiaCup,174,152,Pakistan,Pakistan,9,6,India,Bowler-friendly,326,22,1
867,2023,Melbourne,AsiaCup,150,190,Pakistan,Pakistan,8,0,Pakistan,Batting-friendly,340,-40,0
868,2023,Karachi,Bilateral,143,145,India,India,9,8,Pakistan,Batting-friendly,288,-2,0
869,2024,Melbourne,AsiaCup,121,104,India,India,0,0,India,Balanced,225,17,1
870,2009,Kolkata,WorldCup,172,165,India,India,1,7,India,Bowler-friendly,337,7,1
871,2019,Dhaka,WorldCup,147,115,India,India,1,5,India,Bowler-friendly,262,32,1
872,2011,Kolkata,WorldCup,173,156,India,India,9,9,India,Balanced,329,17,1
873,2009,New York,WorldCup,159,110,Pakistan,Pakistan,1,9,India,Bowler-friendly,269,49,1
874,2019,Karachi,WorldCup,182,146,Pakistan,India,9,1,India,Balanced,328,36,1
875,2010,Lahore,Bilateral,141,164,Pakistan,Pakistan,8,9,Pakistan,Balanced,305,-23,0
876,2023,Kolkata,WorldCup,162,161,Pakistan,India,7,10,India,Bowler-friendly,323,1,1
877,2014,Delhi,AsiaCup,154,112,India,Pakistan,3,3,India,Batting-friendly,266,42,1
878,2022,Durban,Bilateral,103,140,India,Pakistan,6,2,Pakistan,Bowler-friendly,243,-37,0
879,2013,Colombo,Bilateral,102,176,India,Pakistan,10,3,Pakistan,Bowler-friendly,278,-74,0
880,2009,Colombo,Bilateral,196,151,India,Pakistan,9,0,India,Batting-friendly,347,45,1
881,2014,Delhi,WorldCup,174,194,Pakistan,India,6,1,Pakistan,Balanced,368,-20,0
882,2022,Dubai,AsiaCup,184,187,India,Pakistan,3,2,Pakistan,Bowler-friendly,371,-3,0
883,2022,Delhi,AsiaCup,102,106,India,India,2,7,Pakistan,Bowler-friendly,208,-4,0
884,2021,Colombo,WorldCup,154,116,India,Pakistan,2,10,India,Balanced,270,38,1
885,2017,Delhi,WorldCup,154,141,India,India,0,6,India,Batting-friendly,295,13,1
886,2014,Durban,WorldCup,169,110,India,Pakistan,6,9,India,Balanced,279,59,1
887,2007,Durban,Bilateral,190,166,Pakistan,India,6,3,India,Bowler-friendly,356,24,1
888,2019,New York,Bilateral,187,121,Pakistan,Pakistan,10,10,India,Batting-friendly,308,66,1
889,2020,Durban,WorldCup,175,195,Pakistan,India,8,1,Pakistan,Batting-friendly,370,-20,0
890,2009,Durban,AsiaCup,109,166,Pakistan,India,0,3,Pakistan,Bowler-friendly,275,-57,0
891,2023,Delhi,AsiaCup,116,111,Pakistan,Pakistan,9,4,India,Bowler-friendly,227,5,1
892,2007,Dubai,AsiaCup,199,133,India,Pakistan,4,10,India,Batting-friendly,332,66,1
893,2009,Dhaka,WorldCup,109,102,India,India,10,10,India,Balanced,211,7,1
894,2014,Dhaka,WorldCup,130,176,India,Pakistan,10,8,Pakistan,Balanced,306,-46,0
895,2019,New York,AsiaCup,165,132,Pakistan,India,0,10,India,Bowler-friendly,297,33,1
896,2008,Durban,Bilateral,102,156,India,India,9,7,Pakistan,Balanced,258,-54,0
897,2009,Kolkata,AsiaCup,147,191,Pakistan,Pakistan,5,5,Pakistan,Batting-friendly,338,-44,0
898,2011,Dhaka,Bilateral,162,114,India,India,4,1,India,Batting-friendly,276,48,1
899,2007,Dubai,Bilateral,171,109,Pakistan,India,6,3,India,Bowler-friendly,280,62,1
900,2013,Melbourne,Bilateral,134,200,India,Pakistan,8,0,Pakistan,Balanced,334,-66,0
901,2013,Karachi,AsiaCup,158,123,India,India,0,0,India,Batting-friendly,281,35,1
902,2009,Dhaka,Bilateral,116,200,India,India,7,4,Pakistan,Batting-friendly,316,-84,0
903,2019,Kolkata,AsiaCup,142,140,India,Pakistan,6,9,India,Bowler-friendly,282,2,1
904,2010,Kolkata,AsiaCup,156,142,India,India,7,7,India,Balanced,298,14,1
905,2019,Delhi,Bilateral,123,152,Pakistan,Pakistan,3,5,Pakistan,Bowler-friendly,275,-29,0
906,2007,Delhi,Bilateral,143,181,India,Pakistan,5,10,Pakistan,Balanced,324,-38,0
907,2016,Dubai,Bilateral,175,122,India,Pakistan,10,6,India,Batting-friendly,297,53,1
908,2014,Melbourne,AsiaCup,188,194,Pakistan,Pakistan,3,0,Pakistan,Batting-friendly,382,-6,0
909,2024,Dhaka,AsiaCup,158,156,India,India,2,2,India,Batting-friendly,314,2,1
910,2022,Kolkata,WorldCup,192,188,Pakistan,India,8,2,India,Bowler-friendly,380,4,1
911,2012,Delhi,WorldCup,137,111,India,Pakistan,3,10,India,Bowler-friendly,248,26,1
912,2020,Dhaka,AsiaCup,145,120,Pakistan,Pakistan,1,0,India,Batting-friendly,265,25,1
913,2007,Lahore,AsiaCup,127,152,India,Pakistan,6,10,Pakistan,Bowler-friendly,279,-25,0
914,2009,Kolkata,AsiaCup,200,119,Pakistan,Pakistan,8,9,India,Balanced,319,81,1
915,2014,Dubai,AsiaCup,118,112,Pakistan,India,3,2,India,Bowler-friendly,230,6,1
916,2014,Kolkata,Bilateral,118,164,Pakistan,India,9,5,Pakistan,Bowler-friendly,282,-46,0
917,2015,Dubai,AsiaCup,149,163,India,Pakistan,3,2,Pakistan,Batting-friendly,312,-14,0
918,2008,Dubai,AsiaCup,131,128,Pakistan,India,2,9,India,Balanced,259,3,1
919,2014,Karachi,AsiaCup,132,103,Pakistan,India,5,10,India,Batting-friendly,235,29,1
920,2007,Dubai,WorldCup,142,105,Pakistan,India,9,6,India,Bowler-friendly,247,37,1
921,2019,Kolkata,Bilateral,169,159,Pakistan,India,8,3,India,Balanced,328,10,1
922,2021,Colombo,AsiaCup,121,157,Pakistan,India,9,6,Pakistan,Bowler-friendly,278,-36,0
923,2009,Dubai,Bilateral,164,106,India,India,3,4,India,Balanced,270,58,1
924,2008,Dubai,WorldCup,150,143,India,Pakistan,2,7,India,Balanced,293,7,1
925,2024,Lahore,Bilateral,180,137,Pakistan,Pakistan,4,2,India,Balanced,317,43,1
926,2012,Delhi,AsiaCup,100,171,Pakistan,Pakistan,6,5,Pakistan,Balanced,271,-71,0
927,2015,Melbourne,AsiaCup,162,150,Pakistan,India,4,5,India,Bowler-friendly,312,12,1
928,2015,Melbourne,AsiaCup,152,104,Pakistan,Pakistan,2,4,India,Batting-friendly,256,48,1
929,2011,Karachi,AsiaCup,125,184,Pakistan,India,9,5,Pakistan,Batting-friendly,309,-59,0
930,2012,New York,AsiaCup,129,191,India,Pakistan,6,10,Pakistan,Bowler-friendly,320,-62,0
931,2024,Dubai,AsiaCup,125,193,India,India,10,6,Pakistan,Balanced,318,-68,0
932,2011,Colombo,Bilateral,197,172,Pakistan,India,5,8,India,Bowler-friendly,369,25,1
933,2016,Colombo,WorldCup,160,106,India,Pakistan,4,3,India,Bowler-friendly,266,54,1
934,2013,Lahore,Bilateral,139,122,Pakistan,Pakistan,10,0,India,Bowler-friendly,261,17,1
935,2020,Dubai,Bilateral,190,150,Pakistan,India,9,3,India,Bowler-friendly,340,40,1
936,2016,Durban,AsiaCup,144,154,Pakistan,India,1,2,Pakistan,Batting-friendly,298,-10,0
937,2011,Colombo,AsiaCup,129,114,India,Pakistan,6,4,India,Balanced,243,15,1
938,2019,Delhi,Bilateral,106,167,Pakistan,Pakistan,6,9,Pakistan,Balanced,273,-61,0
939,2016,Karachi,Bilateral,135,133,Pakistan,Pakistan,1,4,India,Bowler-friendly,268,2,1
940,2010,Colombo,AsiaCup,195,188,India,Pakistan,8,9,India,Balanced,383,7,1
941,2013,Lahore,WorldCup,174,144,India,Pakistan,8,0,India,Batting-friendly,318,30,1
942,2022,Karachi,Bilateral,177,141,India,India,0,0,India,Bowler-friendly,318,36,1
943,2007,Lahore,AsiaCup,101,148,India,India,1,8,Pakistan,Bowler-friendly,249,-47,0
944,2014,Melbourne,Bilateral,136,147,Pakistan,India,7,3,Pakistan,Bowler-friendly,283,-11,0
945,2020,Karachi,Bilateral,152,112,India,Pakistan,8,2,India,Bowler-friendly,264,40,1
946,2010,Dhaka,AsiaCup,111,161,India,India,7,6,Pakistan,Batting-friendly,272,-50,0
947,2024,Dubai,WorldCup,160,105,India,Pakistan,3,9,India,Balanced,265,55,1
948,2023,Durban,WorldCup,174,106,Pakistan,India,3,6,India,Batting-friendly,280,68,1
949,2023,Dubai,AsiaCup,153,179,India,India,4,1,Pakistan,Balanced,332,-26,0
950,2010,Kolkata,Bilateral,110,101,India,India,1,7,India,Batting-friendly,211,9,1
951,2023,Melbourne,AsiaCup,126,160,India,Pakistan,6,5,Pakistan,Balanced,286,-34,0
952,2022,Delhi,AsiaCup,127,170,India,Pakistan,0,3,Pakistan,Bowler-friendly,297,-43,0
953,2012,New York,AsiaCup,172,196,India,Pakistan,1,8,Pakistan,Batting-friendly,368,-24,0
954,2014,Karachi,AsiaCup,181,145,India,Pakistan,1,5,India,Batting-friendly,326,36,1
955,2016,Lahore,WorldCup,172,160,Pakistan,Pakistan,8,3,India,Balanced,332,12,1
956,2020,Dhaka,WorldCup,158,165,Pakistan,Pakistan,8,0,Pakistan,Bowler-friendly,323,-7,0
957,2014,Kolkata,AsiaCup,155,151,India,Pakistan,0,0,India,Bowler-friendly,306,4,1
958,2010,Durban,AsiaCup,103,175,Pakistan,Pakistan,9,10,Pakistan,Balanced,278,-72,0
959,2022,Durban,WorldCup,194,139,Pakistan,Pakistan,6,8,India,Balanced,333,55,1
960,2024,Durban,AsiaCup,188,171,Pakistan,Pakistan,4,2,India,Bowler-friendly,359,17,1
961,2015,Durban,Bilateral,138,120,Pakistan,Pakistan,6,1,India,Bowler-friendly,258,18,1
962,2011,Delhi,WorldCup,187,182,India,Pakistan,6,6,India,Bowler-friendly,369,5,1
963,2024,Karachi,Bilateral,182,181,India,Pakistan,10,6,India,Bowler-friendly,363,1,1
964,2021,Durban,AsiaCup,161,134,Pakistan,Pakistan,0,0,India,Bowler-friendly,295,27,1
965,2019,Dhaka,Bilateral,150,123,Pakistan,India,5,2,India,Batting-friendly,273,27,1
966,2012,Durban,AsiaCup,128,133,Pakistan,Pakistan,4,8,Pakistan,Bowler-friendly,261,-5,0
967,2013,Dhaka,AsiaCup,149,166,Pakistan,India,4,9,Pakistan,Bowler-friendly,315,-17,0
968,2020,Colombo,Bilateral,182,134,Pakistan,India,0,2,India,Balanced,316,48,1
969,2008,Durban,Bilateral,145,140,India,Pakistan,5,4,India,Balanced,285,5,1
970,2010,Delhi,Bilateral,157,182,India,India,2,5,Pakistan,Bowler-friendly,339,-25,0
971,2021,Dhaka,Bilateral,183,103,India,Pakistan,3,1,India,Batting-friendly,286,80,1
972,2020,Durban,AsiaCup,158,124,India,India,3,2,India,Bowler-friendly,282,34,1
973,2023,Melbourne,WorldCup,189,138,India,Pakistan,3,5,India,Batting-friendly,327,51,1
974,2017,Dhaka,WorldCup,191,153,India,India,7,10,India,Batting-friendly,344,38,1
975,2018,Durban,Bilateral,116,148,Pakistan,India,1,5,Pakistan,Balanced,264,-32,0
976,2019,Dhaka,WorldCup,182,146,India,India,8,2,India,Batting-friendly,328,36,1
977,2018,Colombo,Bilateral,110,200,Pakistan,India,10,3,Pakistan,Batting-friendly,310,-90,0
978,2011,Lahore,WorldCup,133,190,India,India,4,5,Pakistan,Balanced,323,-57,0
979,2016,Durban,WorldCup,185,170,Pakistan,India,2,3,India,Batting-friendly,355,15,1
980,2010,Dubai,AsiaCup,134,117,Pakistan,India,7,6,India,Balanced,251,17,1
981,2008,Kolkata,Bilateral,175,178,Pakistan,Pakistan,8,1,Pakistan,Balanced,353,-3,0
982,2009,Dubai,AsiaCup,104,181,Pakistan,Pakistan,6,10,Pakistan,Balanced,285,-77,0
983,2018,Colombo,Bilateral,104,103,Pakistan,Pakistan,6,2,India,Bowler-friendly,207,1,1
984,2018,Melbourne,Bilateral,175,142,Pakistan,India,8,3,India,Bowler-friendly,317,33,1
985,2024,Colombo,AsiaCup,136,114,India,India,0,5,India,Bowler-friendly,250,22,1
986,2016,Durban,WorldCup,173,166,Pakistan,Pakistan,5,7,India,Balanced,339,7,1
987,2008,New York,Bilateral,174,194,Pakistan,Pakistan,0,7,Pakistan,Bowler-friendly,368,-20,0
988,2022,Dhaka,WorldCup,149,101,India,India,8,8,India,Balanced,250,48,1
989,2013,New York,AsiaCup,106,196,Pakistan,India,4,5,Pakistan,Batting-friendly,302,-90,0
990,2007,Kolkata,Bilateral,152,149,Pakistan,India,6,10,India,Bowler-friendly,301,3,1
991,2022,Delhi,Bilateral,134,147,Pakistan,Pakistan,10,7,Pakistan,Bowler-friendly,281,-13,0
992,2019,New York,Bilateral,118,181,India,India,8,7,Pakistan,Bowler-friendly,299,-63,0
993,2010,Melbourne,AsiaCup,119,105,India,India,5,10,India,Balanced,224,14,1
994,2008,Delhi,Bilateral,142,180,Pakistan,India,2,2,Pakistan,Balanced,322,-38,0
995,2011,Durban,AsiaCup,192,185,Pakistan,India,2,10,India,Bowler-friendly,377,7,1
996,2017,Karachi,WorldCup,169,152,India,India,8,6,India,Balanced,321,17,1
997,2012,Kolkata,AsiaCup,173,177,India,Pakistan,3,8,Pakistan,Bowler-friendly,350,-4,0
998,2008,Durban,Bilateral,124,200,Pakistan,Pakistan,1,9,Pakistan,Bowler-friendly,324,-76,0
999,2017,New York,WorldCup,198,103,India,Pakistan,2,5,India,Batting-friendly,301,95,1
1000,2020,Lahore,WorldCup,196,197,Pakistan,India,9,4,Pakistan,Batting-friendly,393,-1,0
1001,2024,New York,WorldCup,119,113,Pakistan,India,8,7,India,Bowler-friendly,232,6,1
